Player,Offense,Defense,GP,Name,Squad,Viable
"Fraggle Rawk",0,1,127487,DRMalak,"zzzDR zHK-47 zBSF zzMalak Sith Empire Trooper",1
"Fraggle Rawk",0,1,109412,padme,"zzPadme zGK zJKA zAhsoka zzC-3PO",1
"Fraggle Rawk",1,1,103113,NestSisters,"zzAV zzMT zDaka Zombie zNest",1
"Fraggle Rawk",1,0,136276,CLS,"zzzCLS zHan zzChewbacca zzR2-D2 zzOld Ben",1
"Fraggle Rawk",0,1,97570,Geonosians,"zzGBA Sun Fac, Geo Soldier, Geo Spy, Poggle",1
"Fraggle Rawk",1,1,114712,Revan Offense,"zzzJKR zGMY zBS zJolee zHYoda",1
"Fraggle Rawk",1,1,85358,Ewoks,"zChirpa Elder Paploo zWicket Logray",1
"Fraggle Rawk",0,1,101046,BH,"zzBossk Cad IG-88 Dengar zBoba",1
"Fraggle Rawk",1,1,95103,Carth,"zCarth Onasi, zMission zZaalbar zJuhani Canderous",1
"Fraggle Rawk",1,1,108792,zEP,"zzEP zzzVader Tarkin DT 8, TFP",1
"Fraggle Rawk",0,1,88038,FO,"zzKRU zKylo FOO FOE FOTP",1
"Fraggle Rawk",0,1,75386,Phoenix,"Hera Zeb Kanan Ezra Sabine 8",1
"Fraggle Rawk",1,0,69309,Troopers,"zVeers Starck Magma 8, Range Trooper 9, Snowtrooper 8",1
"Fraggle Rawk",0,1,80473,Grievous,"zGG zB2 MagnaGuard 8, zDooku 9, T3-M4 9",0
"Fraggle Rawk",1,0,84648,ShaakClones,"zzShaak Ti, Rex Echo (501st), zFives 9, ARC Trooper 8",0
"Fraggle Rawk",1,0,38808,Jawas,"Nebit 1, Jawa Engineer 1, Jawa Scavenger 1, Jawa 1, Dathcha 9",0
"Fraggle Rawk",1,0,13813,SionSolo (Counter),"Sion 6*",0
"Aaron0394",1,0,89471,Clones,"zCody Rex Echo (501st), zFives ARC Trooper",1
"Aaron0394",1,0,101876,Troopers,"zVeers zStarck Range Trooper, DT zzAdmiral Piett",1
"Aaron0394",1,0,17490,SionSolo (Counter),"Sion",1
"Aaron0394",0,1,83329,DR,"DR 8, HK-47 BSF Sith Marauder, Sith Assassin 8",0
"Aaron0394",0,1,61884,Geonosians,"GBA 5* 9, Sun Fac 8, Geo Soldier 6* 9, Geo Spy 8, Poggle 9",0
"Aaron0394",0,1,83519,Grievous,"GG 4* 7, B2 8, MagnaGuard zNute Dooku",0
"Aaron0394",1,1,75639,zEP,"EP 8, Vader 9, Tarkin zKrennic TFP 8",0
"Aaron0394",0,1,61031,BH,"Bossk 4* 8, Cad 8, Aurra 2* 8, zJango Boba 9",0
"Aaron0394",0,1,60836,Phoenix,"Hera 8, Zeb 8, Kanan 7, Chopper 8, Ezra 8",0
"Aaron0394",0,1,73177,BS,"BS GMY 9, JKA GK 8, Ahsoka 8",0
"Kyuui",1,1,120230,NS_Alt,"zzMT zzAV Zombie zDaka Talia",1
"Kyuui",0,1,119116,DR,"zzzDR zzHK-47 zBSF Sith Empire Trooper 8, zzThrawn",1
"Kyuui",1,1,85231,JTR,"zzzJTR 9, zScav Rey, BB-8 8, R2-D2 9, Finn 8",1
"Kyuui",1,1,106455,Revan,"zzzJKR BS zGMY zJolee zGK 8",1
"Kyuui",0,1,111500,BH,"zzBossk Cad zDengar 9, zAurra zBoba",1
"Kyuui",1,1,96293,Carth,"zCarth Onasi, zMission zZaalbar zJuhani zCanderous",1
"Kyuui",1,1,108584,zEP,"zzEP zzzVader Tarkin 8, TFP 8, zSith Trooper 8",1
"Kyuui",0,1,127920,FO,"zzKRU zKylo FOO FOE zFOST",1
"Kyuui",0,1,97870,Phoenix,"zHera zZeb zKanan zEzra zSabine",1
"Kyuui",1,1,66508,Rogue1,"Jyn 8, Chirrut 9, Baze 8, K-2SO 8, Cassian 8",1
"Kyuui",1,0,80318,QGJ,"QGJ Aayla zJKA 8, Old Ben 9, Ahsoka 9",1
"Kyuui",0,1,75399,Geonosians,"zzGBA 6* 8, Sun Fac 7, Geo Soldier, Geo Spy 8, Poggle 8",0
"Kyuui",0,1,70087,Grievous,"zGG 8, B2 4, MagnaGuard 8, zDooku 8, IG-88 8",0
"Kyuui",,,56018,Mon Mothma,"Mon Mothma 3* 5, Lando 8, Wedge 8, Bistan 8, Hoth Rebel Scout 8",0
"Kyuui",1,1,78602,Ewoks,"zChirpa 9, Elder Paploo 6, zWicket Logray 8",0
"Kyuui",1,0,65805,ShaakClones,"zzShaak Ti 4* 7, Rex 7, Echo (501st) 6, Fives 8, Clone Sergeant 6",0
"Kyuui",1,0,56085,Troopers,"zVeers 9, Starck 5, Range Trooper 3* 6, Stormtrooper 5, Snowtrooper 8",0
"Kyuui",1,0,72079,CLS,"zzCLS 8, Han 6, zLeia Fulcrum 6, Chewbacca 6* 7",0
"Kyuui",0,1,66769,BH,"Jango 8, Embo 3* 6, Greedo 9, The Mandalorian 3* 8, zZam 9",0
"Kyuui",1,0,62896,Jawas,"Nebit 8, Jawa Engineer 8, Jawa Scavenger 7, Jawa 7, Dathcha",0
"Kyuui",1,0,9963,SionSolo (Counter),"Sion 5* 7",0
"JediKnightAurora",1,0,64365,501st,"Rex ARC Trooper 9, Echo (501st) 9, Fives Ahsoka 8",0
"Sneeuw Bal",0,1,100457,padme,"zzPadme 8, zGK 8, zJKA Ahsoka 8, zzC-3PO 8",1
"Sneeuw Bal",0,1,105199,DR,"zzzDR zzHK-47 zBSF Sith Empire Trooper 8, Sith Assassin 8",1
"Sneeuw Bal",1,0,100430,CLS,"zzzCLS zHan Chewbacca 8, zzR2-D2 9, zzOld Ben",1
"Sneeuw Bal",1,1,119802,NS_Alt,"zzMT zzAV Zombie zDaka Talia",1
"Sneeuw Bal",0,1,89353,Geonosians,"zzGBA Sun Fac 8, Geo Soldier, Geo Spy, Poggle",1
"Sneeuw Bal",,,375508,Raddus,"Raddus 6* Sun Fac SF, Rey's Millennium Falcon, Poe Dameron's X-wing, Resistance X-wing, Biggs X-wing, Wedge X-wing, Phantom Ghost",1
"Sneeuw Bal",1,1,128870,Revan Offense,"zzzJKR zzGMY zBS zJolee Ezra 8",1
"Sneeuw Bal",1,1,92675,Ewoks,"zChirpa Elder zPaploo 9, zWicket Logray 8",1
"Sneeuw Bal",0,1,138520,BH,"zzBossk zDengar zzAurra zzJango zBoba",1
"Sneeuw Bal",1,1,93091,Carth,"zCarth Onasi, zMission 9, zZaalbar 9, zJuhani zCanderous",1
"Sneeuw Bal",1,1,127797,zEP,"zzEP zzzVader zTarkin Krennic TFP 8",1
"Sneeuw Bal",1,0,85994,Troopers,"zVeers zStarck Shoretrooper 8, Stormtrooper 8, Snowtrooper 8",1
"Sneeuw Bal",0,1,85748,Phoenix,"zHera zZeb zKanan Chopper 9, Sabine 8",1
"Sneeuw Bal",1,1,78594,Rogue1,"zJyn 8, Chirrut Baze 9, K-2SO 9, Cassian 8",1
"Sneeuw Bal",1,0,118047,zMaul,"zMaul zDooku zSidious zSavage Sith Marauder",1
"Sneeuw Bal",1,0,73039,Jawas,"Nebit 8, Jawa Engineer 9, Jawa Scavenger 8, Jawa 9, Dathcha",1
"Sneeuw Bal",1,0,14340,SionSolo (Counter),"Sion 8",1
"Sneeuw Bal",0,1,79567,Grievous,"zzGG B2 6, zDroideka 8, MagnaGuard 8, Nute 9",0
"Sneeuw Bal",,,400198,Executrix,"Executrix Tie Adv, Emperor's Shuttle 6*, TIE Reaper 5*, Imperial TIE Fighter, Gauntlet Starfighter, First Order SF TIE Fighter, First Order TIE Fighter",0
"Sneeuw Bal",,,62618,Mon Mothma,"Mon Mothma 3* 4, Biggs 9, Lando 9, Wedge 8, Bistan 8",0
"Sneeuw Bal",1,0,68138,ShaakClones,"Shaak Ti 4* 7, Rex 8, Echo (501st) 9, Fives Clone Sergeant 8",0
"Sneeuw Bal",0,1,71630,FO,"KRU 8, Kylo 9, FOO 8, FOE FOTP 9",0
"Sneeuw Bal",1,0,34606,QiraNest,"zQira 6* 8, Nest 5* 7, HYoda 5* 6",0
"CtheHammer",0,1,95357,Geonosians,"zzGBA Sun Fac, Geo Soldier, Geo Spy, Poggle",1
"CtheHammer",1,1,119491,Revan,"zzzJKR zBS zGMY zJolee zGK",1
"CtheHammer",0,1,88735,BH,"zzBossk Cad 8, Dengar 9, Jango 9, Boba 9",1
"CtheHammer",1,1,88265,Carth,"zCarth Onasi, zMission zZaalbar Juhani zCanderous",1
"CtheHammer",1,0,90174,ShaakClones,"zzShaak Ti 9, Rex Echo (501st), zFives Clone Sergeant",1
"CtheHammer",1,1,117426,zEP,"zzEP zzVader Tarkin TFP 9, zSith Trooper",1
"CtheHammer",0,1,113645,FO,"zzKRU zKylo FOO FOE FOST 8",1
"CtheHammer",0,1,77187,Phoenix,"Hera 8, Zeb 8, zKanan Chopper 9, Ezra",1
"CtheHammer",1,0,69366,Jawas,"Nebit 8, Jawa Engineer 9, Jawa Scavenger, Jawa 9, Dathcha 8",1
"CtheHammer",1,0,25875,NestSolo (Counter),"zNest",1
"CtheHammer",1,0,13795,SionSolo (Counter),"Sion 8",1
"CtheHammer",1,0,84085,CLS,"zCLS zHan 8, zChewbacca 6* 8, zR2-D2 9, Old Ben 9",0
"CtheHammer",0,1,97115,DR,"zzDR zHK-47 zBSF Sith Empire Trooper 8, Thrawn 9",0
"Bjørnebanden",0,1,78030,Geonosians,"zzGBA Sun Fac 8, Geo Soldier 9, Geo Spy, Poggle",1
"Bjørnebanden",1,1,87242,Ewoks,"zChirpa Elder zPaploo zWicket Logray 9",1
"Bjørnebanden",0,1,118292,BH,"zzBossk zDengar zAurra zJango zBoba",1
"Bjørnebanden",1,0,77661,CLS,"zzzCLS Han 7, Chewbacca 7, R2-D2 8, Stormtrooper Han",0
"Bjørnebanden",0,1,63949,Phoenix,"Hera 8, Zeb 8, Kanan 8, Ezra 9, Sabine 7",0
"Bjørnebanden",0,1,68331,BS,"zBS GMY 7, Old Ben 9, GK 6, HYoda 9",0
"Warill",1,1,105321,Revan,"zJKR BS GMY zJolee GK 6* 9",0
"Warill",1,1,76261,Carth,"zCarth Onasi, Mission 8, Zaalbar 8, Juhani Canderous",0
"Obi do ban",0,1,94486,Geonosians,"zzGBA Sun Fac, Geo Soldier, Geo Spy, Poggle",1
"Obi do ban",1,1,118791,zEP,"zzEP zzzVader zzTarkin TFP 8, zzDN",1
"Obi do ban",0,1,100436,BH,"zzJango 9, zGreedo 9, zIG-88 zZam zBoba",1
"Obi do ban",1,0,102849,501st,"zRex zARC Trooper, zEcho (501st), zzFives zAhsoka",1
"Obi do ban",1,0,94715,Wiggs,"Wedge 8, Biggs 8, zzzCLS zEzra zLeia",1
"Obi do ban",1,0,73609,Jawas,"Nebit 9, Jawa Engineer 9, Jawa Scavenger 9, Jawa 9, Dathcha",1
"Obi do ban",1,0,24397,SionSolo (Counter),"zSion",1
"Obi do ban",0,1,63816,Qira,"Qira 9, zL3-37 Vandor Chewbacca 5* 6, Mission 4* 8, Zaalbar 6* 8",0
"Obi do ban",1,1,106227,NS,"MT 9, zzAV zDaka Zombie Spirit 8",0
"Obi do ban",0,1,77309,Grievous,"zzGG 9, B2 4* 7, B1 9, MagnaGuard 8, zDooku",0
"Obi do ban",,,64199,Mon Mothma,"Mon Mothma 3* 6, K-2SO 8, Hoth Rebel Scout 9, Chirrut 8, Bodhi Rook 8",0
"Obi do ban",1,1,76672,Ewoks,"zChirpa 9, Elder Paploo 6* 9, Scout Wicket",0
"Obi do ban",0,1,65442,BH,"Bossk 6* 8, Cad 9, Embo 4* 8, zThe Mandalorian 3* 8, Dengar 6* 8",0
"Obi do ban",1,0,69981,Thragma (Counter),"zzThrawn Magma 7, DT 5* 7, Krennic 4* 7, Stormtrooper 8",0
"Obi do ban",0,1,85053,Phoenix,"zHera zZeb zKanan Chopper 9, Sabine 5* 9",0
"Obi do ban",0,1,79448,FO,"zzKRU 8, Kylo 9, FOO zFOTP FOST 9",0
"Obi do ban",0,1,91683,BS,"BS 6* 9, zzGMY Jolee 8, zGK 8, zJKA",0
"Obi do ban",1,0,7839,NestSolo (Counter),"Nest 3* 6",0
"DarthVenitus",0,1,49906,Geonosians,"zGBA 6* 8, Sun Fac 7, Geo Soldier 7, Geo Spy 7, Poggle 7",0
"DarthVenitus",0,1,57387,FO,"zKRU Kylo 9, FOSFTP 7, FOE 7, FOTP 7",0
"DarthVenitus",0,1,48660,Phoenix,"Hera 8, Zeb 8, Kanan 7, Chopper 7, Ezra 7",0
"DarthVentus",0,1,125167,DRMalak,"zzzDR zHK-47 zBSF zzMalak 6* Sith Empire Trooper",1
"DarthVentus",0,1,88976,padme,"zzPadme zGK 8, zJKA zAhsoka C-3PO 9",1
"DarthVentus",,,268414,HansMF,"Home One, Han's MF 5*, HT Ghost Phantom Biggs X-wing, Cassian's U-wing, Wedge X-wing",1
"DarthVentus",1,1,92951,Revan Offense,"zzzJKR GMY BS zJolee Ezra",1
"DarthVentus",1,0,117130,ShaakClones,"zzShaak Ti, zRex Echo (501st), zFives ARC Trooper",1
"DarthVentus",1,1,84527,Ewoks,"zChirpa Elder Paploo Scout Logray",1
"DarthVentus",0,1,83906,BH,"zBossk Greedo 8, Dengar 8, Jango Boba",1
"DarthVentus",1,1,89007,zEP,"zzEP zzVader Tarkin 8, TFP 9, DN 8",1
"DarthVentus",0,1,80624,FO,"zzKRU Kylo 8, FOO FOE 8, FOST 8",1
"DarthVentus",1,0,12790,NestSolo (Counter),"Nest 8",1
"DarthVentus",1,0,62624,CLS,"CLS 8, Han 7, Chewbacca 7, R2-D2 7, Stormtrooper Han",0
"DarthVentus",0,1,79348,Geonosians,"zGBA Sun Fac 9, Geo Soldier, Geo Spy, Poggle",0
"DarthVentus",0,1,61212,Grievous,"GG 8, B2 7, Nute 8, Dooku 8, T3-M4 7",0
"DarthVentus",1,1,60779,NS,"MT 8, AV Daka 8, Zombie 8, Spirit 6* 8",0
"DarthVentus",1,1,84265,Carth,"zCarth Onasi, zMission Zaalbar Juhani 7, Canderous",0
"DarthVentus",0,1,63955,Phoenix,"Hera Zeb 8, Kanan 8, Chopper Sabine 5* 8",0
"DarthVentus",1,1,39983,Rogue1,"Jyn 5* 8, Chirrut 5* 8, Baze 5* 8, K-2SO 8, Cassian 8",0
"DarthVentus",1,0,12621,SionSolo (Counter),"Sion 7",0
"ferm",1,1,102446,NestSisters,"zzAV zzMT zDaka Zombie zNest",1
"ferm",0,1,86746,padme,"zzPadme zGK 8, zJKA Ahsoka 8, CW Chewbacca 8",1
"ferm",1,0,96886,CLS,"zzzCLS zHan Chewbacca 8, R2-D2 8, zOld Ben",1
"ferm",0,1,83275,Geonosians,"zzGBA Sun Fac 8, Geo Soldier, Geo Spy 8, Poggle",1
"ferm",1,1,143322,Revan Offense,"zzzJKR zzGMY zBS zJolee zEzra",1
"ferm",0,1,117307,BH,"zzBossk zGreedo zDengar zzJango zBoba",1
"ferm",1,1,130027,zEP,"zzEP zzzVader zzTarkin TFP 8, zBSF",1
"ferm",0,1,94261,FO,"zzKRU zKylo FOO 8, FOE 9, zHux",1
"ferm",1,0,111102,zMaul,"zMaul zDooku zzDN zzzDR Savage",1
"ferm",1,0,20536,SionSolo (Counter),"zSion",1
"ferm",1,0,86049,ShaakClones,"zzShaak Ti 9, zRex 8, zEcho (501st) 9, zzFives 9, Clone Sergeant 6",0
"ferm",1,1,90428,Carth,"zCarth Onasi, zMission 8, Zaalbar 7, zJuhani zCanderous",0
"ferm",0,1,82546,Phoenix,"zHera zZeb zKanan Chopper 8, Sabine 5* 8",0
"ferm",1,0,67874,Wiggs,"Wedge 6* 7, Biggs 8, zLeia Chirrut Baze 7",0
"ferm",1,0,78492,IG88,"IG-88 6, zzGG BB-8 8, zzT3-M4 9, L3-37 8",0
"Trek",1,1,96169,NS,"zMT zAV Daka Zombie Spirit",1
"Trek",0,1,134016,padme,"zzPadme zGK zJKA zAhsoka zC-3PO",1
"Trek",0,1,113832,DR,"zzzDR zHK-47 zBSF Sith Empire Trooper, Sith Assassin 8",1
"Trek",,,321678,HansMF,"Home One, Han's MF 5*, HT Ghost Phantom Biggs X-wing, Cassian's U-wing, Wedge X-wing",1
"Trek",0,1,129082,Grievous,"zzGG zB2 zB1 zDroideka MagnaGuard",1
"Trek",1,1,147450,GAS,"zzzzGAS zRex zEcho (501st), zzFives zARC Trooper",1
"Trek",1,1,114677,Revan Offense,"zzzJKR zGMY BS zJolee Ezra 8",1
"Trek",1,1,83405,Ewoks,"zChirpa Elder Paploo Wicket Logray",1
"Trek",0,1,89020,BH,"zBossk Cad Dengar 9, Jango Boba",1
"Trek",1,1,76486,Carth,"Carth Onasi, Mission 8, Zaalbar 9, Juhani Canderous",1
"Trek",1,0,93790,Troopers,"zVeers zStarck Shoretrooper Range Trooper, Snowtrooper",1
"Trek",0,1,67593,FO,"zKRU Kylo 8, FOO 8, FOE 9, FOTP 8",1
"Trek",1,0,98372,Wiggs,"Wedge 8, Biggs zzCLS zHan zChewbacca",1
"Trek",1,0,102031,EP (trio),"zEP Traya 8, DN 9, Sion 9, zThrawn",1
"Trek",1,0,72931,Jawas,"Nebit 9, Jawa Engineer, Jawa Scavenger, Jawa 9, Dathcha 9",1
"Trek",1,0,27385,NestSolo (Counter),"zNest",1
"Trek",0,1,82747,Geonosians,"zGBA Sun Fac 8, Geo Soldier, Geo Spy 9, Poggle",0
"Trek",,,94270,Mon Mothma,"zzMon Mothma 4*, Scarif Bistan zPao Hoth Rebel Scout",0
"Trek",0,1,62543,Phoenix,"Hera 8, Zeb 8, Kanan 8, Chopper 8, Sabine 6* 8",0
"Trek",1,1,47821,Rogue1,"Jyn 8, Chirrut 5* 8, Baze 5* 8, K-2SO 8, Cassian 8",0
"Mol Eliza",1,1,104379,Revan,"zzJKR zBS zzGMY Jolee GK 6",0
"Mol Eliza",1,0,48600,501st,"Rex 4, Clone Sergeant 7, Echo (501st) 4, Fives 5, Ahsoka",0
"dern",1,1,142018,GL Rey,"zzzzzzRey zHoldo zGK zResistance Hero Poe, zResistance Hero Finn",1
"dern",1,1,143936,JTR,"zzzJTR zScav Rey, zzBB-8 zzR2-D2 zFinn",1
"dern",1,1,97458,Ewoks,"zChirpa Elder zPaploo Teebo zWicket",1
"dern",1,1,99098,Carth,"zCarth Onasi, zMission zZaalbar zJuhani zCanderous",1
"dern",0,1,93895,BH,"zzJango Cad Greedo 9, IG-88 zBoba",1
"dern",1,1,101651,zEP,"zzEP zzzVader Tarkin zBSF zTraya 8",1
"dern",0,1,105615,BS,"zBS zzGMY zJolee Old Ben 9, Ahsoka",1
"dern",1,1,73626,NS,"MT 8, zzAV Daka Zombie 8, Spirit 8",0
"dern",0,1,74164,Geonosians,"GBA 5* 7, Sun Fac 8, Geo Soldier, Geo Spy, Poggle",0
"dern",0,1,80934,Grievous,"GG 6* 8, B2 4* 7, zMagnaGuard 9, zDooku zzT3-M4",0
"dern",,,422578,Raddus,"Raddus 5* Sun Fac SF, Rey's Millennium Falcon, Poe Dameron's X-wing, Resistance X-wing, Biggs X-wing, Wedge X-wing 6*, Phantom Ghost",0
"dern",,,51815,Mon Mothma,"Mon Mothma 3* 4, Biggs 8, Lando 5* Wedge 5* 8, Hoth Rebel Scout 8",0
"dern",1,0,98348,CLS,"zzzCLS zHan 9, zChewbacca 5* 8, Leia zzC-3PO",0
"dern",1,0,67103,Clones,"Cody 7, Rex 7, Echo (501st) 7, zFives 8, Clone Sergeant",0
"dern",0,1,66719,FO,"KRU Kylo 9, FOO 8, Phasma 7, FOTP 8",0
"dern",0,1,60172,Phoenix,"Hera 4* 8, Zeb 8, Kanan 7, Chopper 8, Sabine 5* 7",0
"dern",1,0,10374,SionSolo (Counter),"Sion 5* 7",0
"dern",1,0,9336,NestSolo (Counter),"Nest 4* 8",0
"Aster",0,1,139882,DRMalak,"zzzDR zzHK-47 zBSF zzMalak Sith Empire Trooper",1
"Aster",0,1,135763,padme,"zzPadme zGK zJKA zAhsoka zzC-3PO",1
"Aster",1,1,111680,NestSisters,"zzAV zzMT zDaka Zombie zNest",1
"Aster",,,459490,Negotiator,"Negotiator HT Anakin's Eta-2 Starfighter, Umbaran Starfighter, Ahsoka Tano's Jedi Starfighter, BTL-B Y-wing Starfighter, Clone Sergeant's ARC-170, Plo Koon's Jedi Starfighter",1
"Aster",,,418232,HansMF,"Home One, Han's MF, Biggs X-wing, Bistan's U-wing, Phantom Ghost Cassian's U-wing, Wedge X-wing",1
"Aster",1,1,104353,JTR,"zzzJTR zzR2-D2 zzBB-8 Resistance Hero Finn 8, Resistance Hero Poe 9",1
"Aster",0,1,93355,Geonosians,"zzGBA Sun Fac 9, Geo Soldier, Geo Spy, Poggle",1
"Aster",0,1,118017,Grievous,"zzGG zB2 zB1 zDroideka zMagnaGuard",1
"Aster",1,0,117661,Traya,"zzTraya zzDN zSion zzEP zzThrawn",1
"Aster",,,97290,Nute-OR,"zNute zDooku zzJango zZaalbar Mission",1
"Aster",1,1,123198,Revan Offense,"zzzJKR zzGMY zBS zJolee zHYoda",1
"Aster",1,1,81013,Ewoks,"zChirpa Elder Paploo Wicket Logray 9",1
"Aster",1,0,108696,ShaakClones,"zzShaak Ti, zRex zEcho (501st), zzFives zARC Trooper",1
"Aster",0,1,104839,BH,"zzBossk Cad zzThe Mandalorian, Dengar 9, zBoba",1
"Aster",0,1,90181,FO,"zzKRU zKylo FOO FOE FOST 8",1
"Aster",1,0,85703,Troopers,"zVeers zStarck Shoretrooper 8, Range Trooper 9, DT",1
"Aster",1,0,115348,CLS,"zzzCLS zHan Wedge Biggs zzChewbacca",1
"Aster",0,1,76926,Phoenix,"Hera 9, Zeb 8, Kanan 8, zEzra Sabine 8",1
"Aster",1,1,75419,Rogue1,"Jyn 8, Chirrut 8, Baze 8, K-2SO 9, Cassian",1
"Aster",,,326359,Malevolence,"Malevolence 6* Sun Fac SF, Soldier SF, Spy SF, Hyena Bomber, Vulture Droid 6*, IG-2000",0
"Aster",,,392677,Executrix,"Executrix Tie Adv, Emperor's Shuttle, TIE Reaper 6*, Imperial TIE Fighter, Gauntlet Starfighter, First Order SF TIE Fighter, First Order TIE Fighter",0
"Aster",,,80422,Mon Mothma,"zzMon Mothma 6* 8, Scarif Lando Bistan Hoth Rebel Scout 8",0
"Aster",1,0,64413,Jawas,"Nebit 8, Jawa Engineer 7, Jawa Scavenger 7, Jawa 9, Dathcha 8",0
"Vayne",0,1,70598,Phoenix,"Hera 9, Zeb 9, Kanan 9, Chopper 9, Ezra 9",1
"Vayne",1,1,64880,Ewoks,"Chirpa Elder Paploo Wicket 5* Logray 4*",0
"Fraggle Rawk Two",0,1,95834,Geonosians,"zzGBA Sun Fac, Geo Soldier, Geo Spy, Poggle",1
"Fraggle Rawk Two",0,1,95655,BH,"zzBossk Cad IG-88 Dengar 9, zBoba",1
"Fraggle Rawk Two",0,1,87367,FO,"zzKRU zKylo FOO Phasma 8, FOE",1
"Fraggle Rawk Two",0,1,74079,Phoenix,"Hera Zeb Kanan 9, Ezra Sabine 8",1
"Fraggle Rawk Two",0,1,92311,BS,"zBS zGMY zJolee GK 8, zAhsoka",1
"Fraggle Rawk Two",1,1,80786,JTR,"JTR 8, Scav Rey, BB-8 9, zzR2-D2 Finn 9",0
"Fraggle Rawk Two",1,1,56305,NS_Alt,"MT 8, AV 8, Daka 9, Talia 8, Spirit 6* 8",0
"Fraggle Rawk Two",1,1,76791,Ewoks,"zChirpa Elder zPaploo Wicket 6* 8, Logray 9",0
"Fraggle Rawk Two",1,1,87790,zEP,"zEP zzzVader Tarkin TFP 9, DN 5* 8",0
"Fraggle Rawk Two",1,0,78930,Wiggs,"Wedge 6* 8, Biggs 8, zzzCLS zHan Leia 9",0
"Fraggle Rawk Two",1,0,55046,Troopers,"Veers Starck 9, DT 5* 8, Stormtrooper 8, Snowtrooper 8",0
"Fraggle Rawk Two",1,0,53724,Clones,"Cody 8, Rex 8, Echo (501st) 8, Fives 9, Clone Sergeant 8",0
"Fraggle Rawk Two",1,1,40426,Rogue1,"Jyn 5* 8, Chirrut 5* 8, Baze 5* 8, K-2SO 8, Cassian 8",0
"Ahren",0,1,105169,DRMalak,"zzzDR HK-47 BSF zzMalak Sith Empire Trooper 8",1
"Ahren",1,1,98385,Revan,"zzzJKR BS zGMY zJolee GK 8",1
"Ahren",0,1,84349,BH,"zBossk Cad Dengar 9, Jango Boba 9",1
"Ahren",1,1,123115,zEP,"zzEP zzVader Tarkin Krennic TFP 9",1
"Ahren",0,1,68771,Phoenix,"Hera 8, Zeb 8, Kanan 8, Chopper 8, Ezra",1
"Ahren",1,0,75162,CLS,"CLS 9, zHan Chewbacca 8, R2-D2 8, Stormtrooper Han 9",0
"Ahren",0,1,73426,Geonosians,"zGBA 9, Sun Fac 7, Geo Soldier 9, Geo Spy, Poggle 8",0
"Ahren",1,1,83231,Carth,"zCarth Onasi, zMission zZaalbar Juhani 7, Canderous",0
"Ahren",1,0,69553,ShaakClones,"zShaak Ti 8, Rex 8, Echo (501st) 8, Fives 8, Clone Sergeant 8",0
"Ahren",1,0,98060,Troopers,"Veers Starck DT zzAdmiral Piett, Snowtrooper 7",0
"Subetron",1,1,150840,SL Kylo,"zzzzzzSL Kylo, zSith Trooper, zHux zzKRU zzThrawn",1
"Subetron",0,1,84998,Qira,"zQira L3-37 8, Vandor Chewbacca 8, zMission zZaalbar",1
"Subetron",0,1,137165,padme,"zzPadme zGK zJKA zAhsoka zzC-3PO",1
"Subetron",0,1,119135,DRMalak,"zzzDR zzHK-47 zBSF zzMalak Sith Empire Trooper",1
"Subetron",1,1,106939,NestSisters,"zzAV zzMT zDaka Zombie zNest",1
"Subetron",1,0,122835,CLS,"zzzCLS zHan zzChewbacca zzR2-D2 zChewpio",1
"Subetron",,,470546,Negotiator,"Negotiator HT Anakin's Eta-2 Starfighter, Umbaran Starfighter, Ahsoka Tano's Jedi Starfighter, BTL-B Y-wing Starfighter, Clone Sergeant's ARC-170, Plo Koon's Jedi Starfighter",1
"Subetron",,,336473,Malevolence,"Malevolence 5* Sun Fac SF, Soldier SF, Spy SF, Hyena Bomber, Vulture Droid, IG-2000",1
"Subetron",,,395286,HansMF,"Home One, Han's MF, Rebel Y-wing, Bistan's U-wing, Phantom Biggs X-wing, Cassian's U-wing, Wedge X-wing",1
"Subetron",0,1,98291,Geonosians,"zzGBA Sun Fac, Geo Soldier, Geo Spy, Poggle",1
"Subetron",0,1,122390,Grievous,"zzGG zB2 zB1 zDroideka zMagnaGuard",1
"Subetron",1,0,117478,Traya,"zzTraya zDN zSion zDooku zzEP",1
"Subetron",,,437932,Executrix,"Executrix Tie Adv, Emperor's Shuttle, TIE Reaper, Imperial TIE Fighter, Gauntlet Starfighter, First Order SF TIE Fighter, First Order TIE Fighter",1
"Subetron",,,103829,Disintegration,"Aurra Greef Karga 8, zBoba zzBossk zzThe Mandalorian",1
"Subetron",1,1,120894,GAS,"zzzzGAS zRex zEcho (501st), zzFives zARC Trooper",1
"Subetron",1,1,129300,Revan Offense,"zzzJKR zGMY zBS zJolee zzHYoda",1
"Subetron",1,1,95883,Ewoks,"zChirpa Elder zPaploo zWicket zLogray",1
"Subetron",1,0,91088,Troopers,"zVeers zStarck Shoretrooper Range Trooper, DT",1
"Subetron",0,1,71992,Phoenix,"Hera 9, Zeb 8, Kanan 8, Ezra Sabine 8",1
"Subetron",1,1,85196,Rogue1,"zJyn Chirrut Baze K-2SO 9, Cassian",1
"Subetron",1,0,67250,Jawas,"Nebit 8, Jawa Engineer 9, Jawa Scavenger 8, Jawa 9, Dathcha",1
"Subetron",,,77085,Mon Mothma,"zzMon Mothma 9, Lando Bistan 8, Pao 8, Hoth Rebel Scout 8",0
"Subetron",0,1,100329,BH,"zJango Cad zEmbo IG-88 zDengar",0
"MasterWolfyYT",0,1,78925,Geonosians,"zzGBA 9, Sun Fac 8, Geo Soldier, Geo Spy 8, Poggle",1
"MasterWolfyYT",0,1,64491,Phoenix,"Hera 8, Zeb 8, Kanan 8, Chopper 8, Ezra 8",1
"MasterWolfyYT",1,0,69933,ShaakClones,"zShaak Ti 2* 9, Rex 8, Echo (501st) 8, Fives ARC Trooper 8",0
"MasterWolfyYT",0,1,68767,BH,"Bossk 3* 8, Cad 8, Greedo 8, Dengar 8, Boba 9",0
"MasterWolfyYT",0,1,68943,FO,"KRU 8, Kylo 9, FOO 8, Phasma 8, FOE",0
"MasterWolfyYT",0,1,71640,BS,"BS 8, GMY JKA 8, Old Ben 9, Ahsoka 8",0
"Arqura",0,1,107289,DRMalak,"zzzDR zzHK-47 zBSF zMalak 6* Sith Empire Trooper",1
"Arqura",0,1,88560,Geonosians,"zzGBA Sun Fac 9, Geo Soldier, Geo Spy 8, Poggle",1
"Arqura",,,326059,HansMF,"Home One, Han's MF 5*, HT Ghost Phantom Biggs X-wing, Cassian's U-wing, Wedge X-wing",1
"Arqura",1,1,81831,JTR,"zJTR 9, Scav Rey, BB-8 8, zR2-D2 9, Finn",1
"Arqura",1,1,116476,Revan,"zzJKR zBS zGMY zJolee GK",1
"Arqura",1,1,85978,Ewoks,"zChirpa Elder Paploo Wicket Logray",1
"Arqura",1,1,90462,Carth,"zCarth Onasi, Mission zZaalbar Juhani Canderous",1
"Arqura",0,1,99119,BH,"zBossk Cad The Mandalorian, zZam zBoba",1
"Arqura",1,1,116815,zEP,"zzEP zzzVader Tarkin 9, TFP 8, zSion",1
"Arqura",0,1,101842,FO,"zzKRU zKylo FOO FOE FOST 8",1
"Arqura",0,1,85207,Phoenix,"zHera Zeb 9, zKanan zEzra Sabine",1
"Arqura",1,0,73125,Wiggs,"Wedge 8, Biggs 8, zCLS Han Chewbacca 9",1
"Arqura",0,1,83272,Grievous,"zGG B2 8, zDooku IG-88 8, T3-M4",0
"Arqura",1,1,72745,NS,"MT 8, zAV Daka 9, Zombie 8, Spirit 8",0
"Arqura",1,0,69006,ShaakClones,"zShaak Ti 8, Rex 8, Echo (501st) 8, Fives 9, ARC Trooper 8",0
"Arqura",1,0,62822,Troopers,"Veers 9, Starck 7, DT 8, Stormtrooper 8, Snowtrooper 8",0
"Arqura",1,1,50123,Rogue1,"Jyn 6* 8, Chirrut 8, Baze 5* 8, K-2SO 8, Cassian 8",0
"Arqura",0,1,63047,BH,"Jango 8, Embo 7, Greedo 8, Greef Karga 8, Aurra 6",0
"Arqura",1,0,10483,NestSolo (Counter),"Nest 6* 7",0
"Matze945",0,1,105370,Geonosians,"zzGBA Sun Fac, Geo Soldier, Geo Spy, Poggle",1
"Matze945",1,0,107267,501st,"zRex Clone Sergeant, zEcho (501st), zzFives zAhsoka",1
"Matze945",1,0,80191,Wiggs,"Wedge 8, Biggs 8, Han 9, zEzra Leia 9",1
"Matze945",1,1,115098,zEP,"zzEP zzzVader zzTarkin zDooku TFP 8",1
"Matze945",0,1,136803,BS,"zBS zzGMY zJolee zGK zJKA",1
"Matze945",0,1,48577,Qira,"Qira 4* 7, L3-37 4* 8, Vandor Chewbacca 3* 8, Mission 4* Zaalbar 5* 8",0
"Matze945",1,0,73109,Traya,"zzTraya 6* zzDN 4* Sion 3* 9, BSF 3* 8, Sith Assassin 8",0
"Matze945",1,1,76263,NS_Alt,"zzAV Zombie 5* 8, Daka 8, Talia Spirit 9",0
"Matze945",0,1,76082,BH,"Bossk 3* 7, Cad 9, Zam 6, zzJango 4* 9, zBoba",0
"Matze945",0,1,75785,FO,"zzKRU zKylo Phasma 7, FOTP 8, Hux 3* 7",0
"Matze945",1,0,6928,NestSolo (Counter),"Nest 3* 7",0
"Shazta",1,1,99117,Revan,"zzzJKR zBS 9, zGMY zJolee 9, GK 8",1
"Shazta",1,1,86777,Carth,"zCarth Onasi, zMission zZaalbar Juhani zCanderous",1
"Shazta",0,1,91277,BH,"zzBossk Greedo 8, Dengar 9, Jango Boba",1
"Shazta",0,1,91969,FO,"zzKRU Kylo FOO Phasma FOE",1
"Shazta",1,0,75437,Wiggs,"Wedge 7, Biggs CLS Ezra Leia 8",1
"Shazta",1,0,13758,NestSolo (Counter),"Nest 9",1
"Shazta",0,1,89488,DRMalak,"DR HK-47 BSF zzMalak Sith Empire Trooper 8",0
"Shazta",0,1,84958,Geonosians,"zGBA Sun Fac 9, Geo Soldier, Geo Spy, Poggle",0
"Shazta",1,0,87891,ShaakClones,"zzShaak Ti, zRex Echo (501st) 9, zFives 8, ARC Trooper 8",0
"Shazta",1,1,66786,Ewoks,"Chirpa 9, Elder 8, Paploo 7, Wicket 9, Logray 8",0
"Shazta",1,1,83418,zEP,"EP zzzVader Tarkin 9, Dooku 6, Sith Trooper 8",0
"Shazta",0,1,66558,Phoenix,"Hera 8, Zeb 8, Kanan 9, Chopper 9, Sabine 6* 7",0
"Forrest",1,1,61407,zEP,"EP 8, zVader Tarkin 8, TFP 7, Traya 6* 7",0
"Forrest",0,1,59982,Phoenix,"zHera 8, Zeb 7, Kanan 7, Chopper 6* 7, Ezra 8",0
"Forrest",0,1,56897,FO,"KRU 7, Kylo 7, FOSFTP 7, FOE 7, FOST 8",0
"Deathsticks2187",1,1,120271,Revan,"zzzJKR zBS zGMY zJolee GK",1
"Deathsticks2187",1,1,89569,Carth,"Carth Onasi, zMission zZaalbar zJuhani Canderous",1
"Deathsticks2187",0,1,69138,Phoenix,"Hera 8, Zeb 8, Kanan 8, Chopper zEzra",1
"Deathsticks2187",0,1,94857,DR,"zzDR HK-47 zBSF Sith Empire Trooper 5*, Thrawn",0
"Deathsticks2187",0,1,73475,Geonosians,"zGBA Sun Fac 9, Geo Soldier, Geo Spy, Poggle 9",0
"Deathsticks2187",1,1,71273,zEP,"zEP zVader Tarkin Traya 5* 8, DN 3* 9",0
"Deathsticks2187",1,0,72164,Wiggs,"Wedge 5, Biggs 8, zzzCLS Han Leia 9",0
"StellateSleet36",0,1,124545,DRMalak,"zzzDR zzHK-47 zBSF zzMalak Sith Empire Trooper",1
"StellateSleet36",0,1,122649,padme,"zzPadme zGK zJKA zAhsoka zC-3PO",1
"StellateSleet36",,,431359,Negotiator,"Negotiator 5* HT Anakin's Eta-2 Starfighter, Umbaran Starfighter, Ahsoka Tano's Jedi Starfighter, Clone Sergeant's ARC-170, Jedi Consular's Starfighter, Plo Koon's Jedi Starfighter",1
"StellateSleet36",0,1,78215,Geonosians,"zzGBA 9, Sun Fac 8, Geo Soldier, Geo Spy, Poggle 9",1
"StellateSleet36",0,1,118231,Grievous,"zzGG zB2 zB1 zDroideka MagnaGuard",1
"StellateSleet36",1,1,95670,JTR,"zzzJTR Scav Rey, zBB-8 zzR2-D2 Finn",1
"StellateSleet36",1,1,112728,Revan Offense,"zzzJKR zGMY zBS zJolee HYoda",1
"StellateSleet36",,,106705,Nute-Sep,"zNute zDooku zJango zNest zzAV",1
"StellateSleet36",1,0,108342,ShaakClones,"zzShaak Ti, zRex zEcho (501st), zzFives zARC Trooper",1
"StellateSleet36",1,1,87731,Ewoks,"zChirpa Elder Paploo Scout zWicket",1
"StellateSleet36",0,1,99781,BH,"zzBossk Embo Greedo zDengar Boba",1
"StellateSleet36",1,1,88935,Carth,"zCarth Onasi, zMission Zaalbar Juhani Canderous",1
"StellateSleet36",1,1,104714,zEP,"zzEP zzzVader Tarkin TFP 9, zSion",1
"StellateSleet36",1,0,80468,Troopers,"zVeers zStarck 8, Range Trooper 7, Stormtrooper zzAdmiral Piett 9",1
"StellateSleet36",1,0,98442,CLS,"zzCLS zHan Leia Old Ben 9, zzChewbacca",1
"StellateSleet36",0,1,85250,FO,"zzKRU zKylo 9, FOE FOTP 9, zSith Trooper",1
"StellateSleet36",0,1,72076,Phoenix,"Hera 8, Zeb 8, Kanan 8, Chopper Ezra",1
"StellateSleet36",,,50554,Mon Mothma,"Mon Mothma 3* 7, Biggs 8, Lando 4, Wedge 8, K-2SO 6",0
"Clones Attack",0,1,93389,Geonosians,"zzGBA Sun Fac, Geo Soldier, Geo Spy, Poggle",1
"Clones Attack",1,1,94922,Revan Offense,"zzJKR zGMY HYoda zJolee 9, JKA",1
"Clones Attack",0,1,85092,BH,"zBossk The Mandalorian, Dengar 8, Jango Boba 8",1
"Clones Attack",1,0,100780,CLS,"zzCLS Han zChewbacca zR2-D2 8, Stormtrooper Han 9",0
"Clones Attack",,,62233,Mon Mothma,"zMon Mothma 4* 8, K-2SO 7, Bistan 7, Pao 8, Hoth Rebel Scout 7",0
"Clones Attack",1,0,80764,ShaakClones,"zShaak Ti 8, Rex Echo (501st) 7, zFives ARC Trooper",0
"dark panda82",0,1,89645,Geonosians,"zzGBA Sun Fac, Geo Soldier, Geo Spy, Poggle",1
"dark panda82",,,337914,HansMF,"Home One, Han's MF, HT Ghost Phantom Biggs X-wing, Cassian's U-wing, Wedge X-wing",1
"dark panda82",1,1,105332,Revan,"zzJKR zBS zGMY Jolee 8, zGK",1
"dark panda82",1,1,84386,Ewoks,"zChirpa Elder Paploo Teebo Scout",1
"dark panda82",0,1,113112,BH,"zzBossk Cad zThe Mandalorian, zJango zBoba",1
"dark panda82",1,1,102348,zEP,"zzEP zzzVader Tarkin 8, TFP 8, zBSF",1
"dark panda82",0,1,72867,Phoenix,"Hera 9, Zeb 8, Kanan 8, Ezra Sabine 9",1
"dark panda82",1,0,65695,Wiggs,"Wedge 8, Biggs 8, Han 8, Chewbacca 9, Leia",1
"dark panda82",1,1,74356,JTR,"JTR 8, Scav Rey, BB-8 8, zR2-D2 zFinn",0
"dark panda82",0,1,85337,Grievous,"GG 9, B2 9, Droideka 8, Nute zDooku",0
"dark panda82",1,1,66458,NS,"MT 8, AV Daka 8, Zombie 8, Spirit 8",0
"dark panda82",1,1,79341,Carth,"zCarth Onasi, Mission 7, Zaalbar 7, Juhani Canderous",0
"dark panda82",1,0,78775,501st,"Rex 9, zARC Trooper 8, Echo (501st) 8, Fives zAhsoka",0
"dark panda82",1,0,46658,Thragma (Counter),"Thrawn 8, Magma 6, DT 6* 8, Stormtrooper 8, Shoretrooper 5* 8",0
"dark panda82",0,1,67002,FO,"KRU 8, Kylo 9, FOO 8, Phasma 9, FOE 9",0
"dark panda82",1,1,43175,Rogue1,"Jyn 5* 8, Chirrut 5* 8, Baze 5* 8, K-2SO 8, Cassian 8",0
"Linc Twi'chael",0,1,84356,Geonosians,"zzGBA Sun Fac 8, Geo Soldier 9, Geo Spy 9, Poggle",1
"Linc Twi'chael",1,1,113848,Revan,"zzJKR BS zzGMY zJolee GK 8",1
"Linc Twi'chael",1,0,92573,501st,"zRex ARC Trooper 8, Echo (501st), zFives Ahsoka",1
"Linc Twi'chael",1,0,65087,Wiggs,"Wedge 8, Biggs 8, CLS 7, Ezra 8, Leia 8",1
"Linc Twi'chael",1,1,100637,zEP,"zzEP zzVader Tarkin Dooku Sion 8",1
"Linc Twi'chael",1,1,71654,NS_Alt,"MT 8, AV Zombie 5* 8, Daka Talia 8",0
"OE4",0,1,82313,FO,"zKRU Kylo FOO 8, Phasma 8, FOE",1
"OE4",0,1,74921,Phoenix,"Hera Zeb 8, Kanan 8, Chopper Ezra",1
"OE4",,,201728,HansMF,"Home One 6*, Han's MF 5*, HT 6* Ghost 6* Phantom 6* Biggs X-wing, Cassian's U-wing 6*, Wedge X-wing 5*",0
"OE4",0,1,68834,Geonosians,"GBA 9, Sun Fac 7, Geo Soldier 9, Geo Spy 8, Poggle 9",0
"OE4",1,1,69425,NS_Alt,"MT 6* 8, zAV Daka Talia Spirit 6* 8",0
"OE4",1,1,79334,zEP,"zEP zVader Tarkin 5* 8, TFP 8, DN 8",0
"OE4",0,1,70056,BH,"Bossk 5* 8, Cad 8, Greedo 8, Jango 6* 8, zBoba",0
"OE4",1,0,52785,501st,"Rex 8, Clone Sergeant 5* 8, Echo (501st) 5* 8, Fives 8, Ahsoka",0
"OE4",1,0,44340,Wiggs,"Wedge 5* 8, Biggs 8, Leia 6* 8, Chirrut 5* 8, Baze 5* 8",0
"Bubmjf",0,1,95230,BH,"zzBossk The Mandalorian, IG-88 Dengar 9, zBoba",1
"Bubmjf",0,1,95931,BS,"zBS zzGMY Ahsoka GK 8, Ezra 8",1
"Bubmjf",1,0,54294,Clones,"Cody 7, Rex 6* 7, Echo (501st) 6* 7, Fives 8, Clone Sergeant 9",0
"Bubmjf",0,1,65935,FO,"zzKRU Kylo Phasma 7, FOSFTP 7, FOE 8",0
"StarLord",,,535202,Negotiator,"Negotiator HT Anakin's Eta-2 Starfighter, Umbaran Starfighter, Ahsoka Tano's Jedi Starfighter, BTL-B Y-wing Starfighter 6*, Clone Sergeant's ARC-170, Plo Koon's Jedi Starfighter",1
"StarLord",1,0,148272,CLS,"zzzCLS zHan zzChewbacca zzR2-D2 zStormtrooper Han",1
"StarLord",0,1,116870,DR,"zzzDR zzHK-47 zBSF Sith Assassin 8, zzThrawn",1
"StarLord",,,439926,HansMF,"Home One, Han's MF, Rebel Y-wing, Bistan's U-wing, Phantom Ghost Cassian's U-wing, Biggs X-wing",1
"StarLord",,,103992,Nute-OR,"zNute zDooku zzJango zZaalbar zMission",1
"StarLord",1,1,150293,Revan,"zzzJKR zBS zzGMY zJolee zGK",1
"StarLord",1,1,97103,Ewoks,"zChirpa Elder zPaploo Scout zLogray",1
"StarLord",0,1,114743,BH,"zzBossk zzThe Mandalorian, Dengar 8, zZam zBoba",1
"StarLord",1,1,112000,zEP,"zzEP zzzVader zzTarkin TFP Sion 9",1
"StarLord",1,0,124012,501st,"zRex ARC Trooper 8, zEcho (501st), zzFives zAhsoka",1
"StarLord",0,1,101241,Phoenix,"zHera zZeb zKanan zEzra zSabine",1
"StarLord",1,0,91520,Wiggs,"Wedge 8, Biggs zFulcrum zzC-3PO zLeia",1
"StarLord",1,0,18241,NestSolo (Counter),"zNest",1
"StarLord",,,277670,Malevolence,"Malevolence 5* Sun Fac SF, Soldier SF, Spy SF, Hyena Bomber 4*, Vulture Droid 3*, IG-2000",0
"StarLord",1,1,76467,NS,"MT 8, zzAV Daka Zombie 8, Spirit 9",0
"StarLord",0,1,74270,Grievous,"zzGG B2 4* 8, B1 9, Droideka 8, MagnaGuard 9",0
"StarLord",,,366535,Executrix,"Executrix Tie Adv, Emperor's Shuttle 4*, TIE Reaper, Imperial TIE Fighter, Gauntlet Starfighter, First Order SF TIE Fighter 4*, First Order TIE Fighter",0
"StarLord",,,61900,Mon Mothma,"Mon Mothma 3* 8, Bistan 8, Pao 8, Hoth Rebel Scout 8, Chirrut 8",0
"StarLord",1,0,59176,Troopers,"Veers 8, Starck 8, Shoretrooper 8, Range Trooper 4* 7, Stormtrooper 8",0
"StarLord",0,1,70476,FO,"KRU 8, Kylo 9, FOO 8, zFOTP FOST 8",0
"the geege II",0,1,94486,Geonosians,"zzGBA Sun Fac, Geo Soldier, Geo Spy, Poggle",1
"the geege II",1,1,126996,Revan,"zzzJKR zBS zGMY zJolee zGK 8",1
"the geege II",0,1,105358,BH,"zzBossk Cad zDengar zJango zBoba",1
"the geege II",0,1,80877,Phoenix,"Hera 9, Zeb 9, Kanan 8, Chopper zEzra",1
"the geege II",1,0,68448,CLS,"CLS 8, Han 7, Chewbacca 3, R2-D2 Stormtrooper Han 9",0
"the geege II",1,1,67260,Ewoks,"zChirpa 9, Elder 6, Paploo 4, zWicket 8, Logray 6* 8",0
"the geege II",1,0,60368,501st,"Rex 8, Clone Sergeant 6* 6, Echo (501st) 7, Fives 5, zAhsoka",0
"the geege II",0,1,73371,FO,"KRU Kylo 6* 9, FOO 9, Phasma FOTP",0
"the geege II",1,0,57160,Jawas,"Nebit 7, Jawa Engineer 7, Jawa Scavenger 7, Jawa 7, Dathcha 7",0
"KonaMan9917",0,1,119796,padme,"zzPadme zGK zJKA zAhsoka zC-3PO",1
"KonaMan9917",0,1,92895,Geonosians,"zzGBA Sun Fac, Geo Soldier, Geo Spy, Poggle",1
"KonaMan9917",1,1,78419,Ewoks,"zChirpa Elder Paploo Wicket Logray",1
"KonaMan9917",1,0,76642,ShaakClones,"zzShaak Ti 6*, Rex 8, Echo (501st) 8, zFives 9, ARC Trooper 8",0
"Damrok Sliersgloom",1,1,106092,NS,"zzMT zzAV zDaka Zombie Spirit",1
"Damrok Sliersgloom",0,1,131102,DRMalak,"zzzDR zzHK-47 zBSF zzMalak Sith Empire Trooper",1
"Damrok Sliersgloom",0,1,141896,padme,"zzPadme zGK zJKA zAhsoka zzC-3PO",1
"Damrok Sliersgloom",1,0,144703,CLS,"zzzCLS zHan zzChewbacca zzR2-D2 zChewpio",1
"Damrok Sliersgloom",,,521254,Negotiator,"Negotiator HT Anakin's Eta-2 Starfighter, Umbaran Starfighter, Ahsoka Tano's Jedi Starfighter, BTL-B Y-wing Starfighter, Clone Sergeant's ARC-170, Plo Koon's Jedi Starfighter",1
"Damrok Sliersgloom",,,398780,Malevolence,"Malevolence Sun Fac SF, Soldier SF, Spy SF, Hyena Bomber, Vulture Droid, IG-2000",1
"Damrok Sliersgloom",,,139635,JKL,"zzJKL zzzJKR zzHYoda zzOld Ben, zEzra",1
"Damrok Sliersgloom",,,422498,HansMF,"Home One, Han's MF, Rebel Y-wing, Bistan's U-wing, Phantom Biggs X-wing, Cassian's U-wing, Wedge X-wing",1
"Damrok Sliersgloom",0,1,126156,Geonosians,"zzGBA Sun Fac, Geo Soldier, Geo Spy, Poggle",1
"Damrok Sliersgloom",1,0,137400,Traya,"zzTraya zzDN zSion zzEP zzThrawn",1
"Damrok Sliersgloom",0,1,137609,Grievous-Wat,"zzGG zB2 zB1 zMagnaGuard zWat Tambor",1
"Damrok Sliersgloom",1,1,149198,GAS,"zzzzGAS zRex zEcho (501st), zzFives zARC Trooper",1
"Damrok Sliersgloom",,,112429,Nute-Sep,"zNute zDooku zzJango zNest zDroideka",1
"Damrok Sliersgloom",1,1,86422,Ewoks,"zChirpa Elder Paploo zWicket Logray",1
"Damrok Sliersgloom",0,1,121284,BH,"zzBossk zGreedo zzGreef Karga, zDengar zBoba",1
"Damrok Sliersgloom",1,1,88247,Carth,"zCarth Onasi, zMission Zaalbar Juhani Canderous",1
"Damrok Sliersgloom",0,1,102127,FO,"zzKRU zKylo FOO FOE zHux",1
"Damrok Sliersgloom",0,1,76889,Phoenix,"zHera zZeb 8, Kanan 8, Chopper 9, Sabine 8",1
"Damrok Sliersgloom",1,1,69244,Rogue1,"Jyn 8, Chirrut 8, Baze 8, K-2SO 8, Cassian 8",1
"Damrok Sliersgloom",,,424762,Executrix,"Executrix Tie Adv, Emperor's Shuttle, TIE Reaper 6*, Imperial TIE Fighter, Gauntlet Starfighter, First Order SF TIE Fighter, First Order TIE Fighter",0
"Damrok Sliersgloom",,,85279,Mon Mothma,"zzMon Mothma 5*, Lando Bistan 9, Pao 8, Hoth Rebel Scout 8",0
"Damrok Sliersgloom",1,0,74880,Troopers,"Veers 8, zStarck 7, Shoretrooper Range Trooper 5* 6, zDT",0
"Damrok Sliersgloom",1,0,67490,Jawas,"Nebit 7, Jawa Engineer 8, Jawa Scavenger, Jawa 9, Dathcha",0
"rachyroo",0,1,95438,Geonosians,"zzGBA Sun Fac, Geo Soldier, Geo Spy, Poggle",1
"rachyroo",1,1,134925,JTR,"zzzJTR zScav Rey, zzBB-8 zzR2-D2 zFinn",1
"rachyroo",1,0,103630,CLS,"zzzCLS zHan zzChewbacca Leia 8, zzC-3PO",1
"rachyroo",1,1,92805,Ewoks,"zChirpa Elder zPaploo Teebo zLogray",1
"rachyroo",0,1,106369,BH,"zzBossk Greedo zDengar zJango zBoba",1
"rachyroo",0,1,135058,FO,"zzKRU zKylo FOE zFOST zHux",1
"rachyroo",1,0,90431,Clones,"zCody zRex zEcho (501st), zzFives Clone Sergeant",1
"rachyroo",0,1,67770,Grievous,"zzGG B2 B1 4* 8, Droideka 5, MagnaGuard 9",0
"rachyroo",1,1,103790,zEP,"zEP zVader Tarkin TFP 9, zSith Trooper",0
"rachyroo",1,0,6630,SionSolo (Counter),"Sion 1",0
"Wesq911",1,1,101510,JTR,"zzzJTR Scav Rey, zzBB-8 9, zzR2-D2 zFinn",1
"Wesq911",1,1,112176,Revan,"zzzJKR zBS zzGMY zJolee GK",1
"Wesq911",0,1,103485,BH,"zzBossk Greedo zIG-88 zDengar zBoba",1
"Wesq911",1,1,96326,Carth,"zCarth Onasi, zMission zZaalbar 9, zJuhani zCanderous",1
"Wesq911",1,1,102284,zEP,"zzEP zzzVader zTarkin TFP 9, zBSF",1
"Wesq911",0,1,79061,Phoenix,"Hera Zeb 8, Kanan 9, Ezra zSabine",1
"Wesq911",1,0,98293,Wiggs,"Wedge Biggs zzzCLS zHan zLeia",1
"Wesq911",1,0,75894,Wampa (Counter),"Rex Wampa 8, zzHYoda Jyn 9, FOO 8",1
"Wesq911",1,0,20340,SionSolo (Counter),"zSion",1
"Wesq911",0,1,65934,Geonosians,"zzGBA 8, Sun Fac 8, Geo Soldier 9, Geo Spy 8, Poggle 8",0
"Wesq911",1,1,77565,NS,"zzMT 9, AV Daka Zombie 9, Spirit 7",0
"Wesq911",,,49619,Nute-Sep,"Nute 5, Dooku 6* 7, Jango 6, Nest 4* 6, GG 8",0
"Wesq911",1,1,55226,Ewoks,"Chirpa 5* 8, Elder 8, Paploo 8, Teebo 8, Scout 8",0
"Wesq911",1,0,64951,Troopers,"Veers 9, Starck 7, Magma 7, Stormtrooper 8, Snowtrooper 8",0
"Wesq911",0,1,67670,FO,"zKRU Kylo 8, Phasma 8, FOSFTP 7, FOTP 8",0
"Wesq911",1,0,55214,Jawas,"Nebit 7, Jawa Engineer 6* 9, Jawa Scavenger 7, Jawa 6* 8, Dathcha",0
"Warsong",0,1,119147,padme,"zzPadme zGK zJKA zAhsoka C-3PO",1
"Warsong",0,1,97806,Geonosians,"zzGBA Sun Fac, Geo Soldier, Geo Spy, Poggle",1
"Warsong",0,1,117141,Grievous,"zzGG zB2 zB1 zDroideka MagnaGuard",1
"Warsong",1,1,139225,GAS,"zzzzGAS zRex zEcho (501st), zFives zARC Trooper",1
"Warsong",1,1,78568,Ewoks,"zChirpa 9, Elder Paploo 9, zWicket 9, Logray 9",1
"Warsong",0,1,70372,BH,"zBossk The Mandalorian 4* 8, Dengar 7, Jango 8, Boba 8",0
"Warsong",1,1,66081,zEP,"EP zVader Tarkin 8, TFP 4* 6, Traya 6* 6",0
"Warsong",0,1,64779,Phoenix,"Hera 8, Zeb 7, Kanan 8, Chopper 7, Ezra",0
"Raymantheonly",0,1,111105,padme,"zzPadme zGK zJKA zAhsoka zzC-3PO",1
"Raymantheonly",1,0,83104,CLS,"zCLS 9, Han 8, Chewbacca 8, zzR2-D2 Old Ben",1
"Raymantheonly",,,307693,HansMF,"Home One, Han's MF 5*, Biggs X-wing, Bistan's U-wing, Phantom Ghost Cassian's U-wing, Wedge X-wing",1
"Raymantheonly",0,1,88541,Geonosians,"zzGBA 9, Sun Fac, Geo Soldier, Geo Spy, Poggle",1
"Raymantheonly",0,1,89637,Grievous,"zzGG zB2 9, zB1 zDroideka MagnaGuard",1
"Raymantheonly",1,1,100644,Revan Offense,"zzzJKR zGMY BS Jolee 8, zzHYoda",1
"Raymantheonly",1,1,93685,Ewoks,"zChirpa Elder zPaploo zWicket zLogray",1
"Raymantheonly",1,0,101334,ShaakClones,"zzShaak Ti, zRex zEcho (501st), zzFives zARC Trooper 8",1
"Raymantheonly",0,1,105731,BH,"zzBossk zIG-88 zDengar 9, zzJango zBoba",1
"Raymantheonly",1,1,126295,zEP,"zzEP zzzVader zTarkin Krennic TFP 9",1
"Raymantheonly",0,1,72307,Phoenix,"Hera 9, Zeb 8, zKanan 9, Ezra 8, Sabine 8",1
"Raymantheonly",1,0,110128,Troopers,"zVeers zStarck zDT zStormtrooper zzAdmiral Piett",1
"Raymantheonly",0,1,106160,DR,"zzzDR 9, zHK-47 zBSF Sith Empire Trooper 8, zzThrawn",0
"Raymantheonly",1,1,72113,NS,"MT 9, AV 9, Daka 9, Zombie Spirit 9",0
"Raymantheonly",,,399262,Executrix,"Executrix Tie Adv, Emperor's Shuttle 5*, TIE Reaper 6*, Imperial TIE Fighter, Gauntlet Starfighter, First Order SF TIE Fighter 6*, First Order TIE Fighter",0
"Raymantheonly",1,0,70170,Traya,"zTraya 8, DN 8, Sion 4, zDooku Sith Assassin 5",0
"Raymantheonly",1,1,81127,Carth,"zCarth Onasi, Mission 7, Zaalbar 8, zJuhani zCanderous",0
"Raymantheonly",0,1,68624,FO,"KRU 8, Kylo 8, FOO 8, Sith Trooper 9, FOST 9",0
"Raymantheonly",1,1,61670,Rogue1,"Jyn 7, Chirrut 8, Baze 6* 7, Bodhi Rook 7, Cassian 8",0
"Sarith LeKit",0,1,102221,Geonosians,"zzGBA Sun Fac, Geo Soldier, Geo Spy, Poggle",1
"Sarith LeKit",1,0,88342,501st,"zRex ARC Trooper 9, Echo (501st), zzFives Ahsoka",1
"Sarith LeKit",0,1,73974,Phoenix,"Hera Zeb 8, Kanan 8, Chopper 9, Ezra",1
"Sarith LeKit",0,1,44195,BS,"BS 5* 7, GMY 6, Old Ben 7, GK 6* 6, JKA 6",0
"DarthLeviathan",1,1,91648,JTR,"zzJTR Scav Rey 8, zBB-8 R2-D2 8, Finn",1
"DarthLeviathan",1,1,91218,Revan Offense,"zzzJKR GMY zBS Jolee 8, Ezra 8",1
"DarthLeviathan",0,1,121230,FO,"zzKRU zKylo FOO FOE zHux",1
"DarthLeviathan",1,0,12048,SionSolo (Counter),"Sion 8",1
"DarthLeviathan",0,1,68396,padme,"zPadme 6* GK 7, JKA 5* Ahsoka Barriss 6* 8",0
"DarthLeviathan",0,1,97163,DR,"zzzDR HK-47 zBSF Sith Marauder 4*, Sith Empire Trooper 4* 8",0
"DarthLeviathan",,,200063,HansMF,"Home One 6*, Han's MF 5*, HT 6* Ghost 6* Phantom 6* Biggs X-wing 6*, Cassian's U-wing 6*, Wedge X-wing 6*",0
"DarthLeviathan",0,1,73999,Geonosians,"zGBA Sun Fac 8, Geo Soldier 8, Geo Spy 8, Poggle",0
"DarthLeviathan",,,68672,Nute-OR,"Nute Dooku Jango 9, Zaalbar 7, Mission 8",0
"DarthLeviathan",1,1,45735,NS,"MT 5* 8, AV Daka 6* 8, Zombie 3* 8, Spirit 5* 8",0
"DarthLeviathan",1,0,52627,ShaakClones,"Shaak Ti 4* 8, Rex 8, Echo (501st) 5* 8, Fives 8, Clone Sergeant 8",0
"DarthLeviathan",1,1,82500,zEP,"EP zVader Tarkin 8, TFP 8, zTraya 6*",0
"DarthLeviathan",0,1,71591,BH,"zBossk 5* Cad 8, Greedo 8, IG-88 5* 8, Boba",0
"DarthLeviathan",1,0,58483,Wiggs,"Wedge 5* 8, Biggs 5* 8, CLS Han Leia 8",0
"DarthLeviathan",0,1,43248,Phoenix,"Hera 5* 8, Zeb 8, Kanan 8, Chopper 8, Sabine 5* 8",0
"DarthLeviathan",1,1,34321,Rogue1,"Jyn 5* 8, Chirrut 5* 8, Baze 5* 8, K-2SO 5* 8, Cassian 5* 8",0
"IG88",,,352826,HansMF,"Home One, Han's MF, HT Bistan's U-wing, Phantom Ghost Cassian's U-wing, Biggs X-wing",1
"IG88",0,1,82828,Geonosians,"zzGBA Sun Fac 8, Geo Soldier, Geo Spy 9, Poggle",1
"IG88",0,1,91100,Grievous,"zzGG zB2 8, zB1 9, Droideka 9, MagnaGuard 9",1
"IG88",,,159545,Disintegration,"zzAurra zzGreef Karga, zBoba zzBossk zzThe Mandalorian",1
"IG88",1,1,78637,Revan,"zzJKR 8, BS 8, GMY 9, Jolee 8, zGK 8",1
"IG88",,,115422,Nute-Sep,"zNute zDooku zzJango zNest AV 9",1
"IG88",1,1,83789,Ewoks,"zChirpa 9, Elder Paploo zWicket Logray",1
"IG88",1,0,108567,CLS,"zzzCLS 9, zHan 9, zzChewbacca 9, zzThrawn zC-3PO 9",1
"IG88",1,1,121108,zEP,"zzEP zzzVader Tarkin Krennic TFP 8",1
"IG88",1,0,130178,Troopers,"zVeers zStarck Range Trooper, zzAdmiral Piett, zzMoff Gideon",1
"IG88",0,1,69441,Phoenix,"Hera 8, Zeb 8, Kanan 8, Chopper 9, Ezra 8",1
"IG88",0,1,81700,Qira,"zQira zL3-37 zVandor Chewbacca, Mission 7, Zaalbar 7",0
"IG88",,,84982,Mon Mothma,"zzMon Mothma 6* 8, Bistan 8, zPao 8, zCara Dune, Hoth Rebel Scout 8",0
"IG88",1,0,71723,ShaakClones,"zzShaak Ti 9, Rex 8, Echo (501st) 8, Fives 8, Clone Sergeant 6",0
"IG88",1,1,60550,Rogue1,"Jyn 7, Chirrut 7, Baze 6, K-2SO 8, Cassian 6",0
"IG88",1,0,50569,Jawas,"Nebit 7, Jawa Engineer 4* 6, Jawa Scavenger 6, Jawa 5* 7, Dathcha 7",0
"the geege",0,1,94441,Geonosians,"zzGBA Sun Fac, Geo Soldier, Geo Spy, Poggle",1
"the geege",1,1,127140,Revan,"zzzJKR zBS zGMY zJolee zGK 8",1
"the geege",0,1,106222,BH,"zzBossk Cad zDengar zJango zBoba",1
"the geege",0,1,82433,Phoenix,"Hera 9, Zeb 8, Kanan 9, Chopper 9, zEzra",1
"the geege",1,0,80206,CLS,"zzCLS 8, Han Leia 9, Old Ben 9, Chewbacca 9",1
"the geege",1,1,81769,Ewoks,"zChirpa 9, Elder Paploo zWicket 6* Logray",0
"the geege",1,0,59917,ShaakClones,"Shaak Ti 8, Rex 4, Echo (501st) 7, Fives 7, Clone Sergeant 6* 6",0
"the geege",1,1,103648,zEP,"zzEP zzVader zTarkin TFP Traya 6* 8",0
"the geege",0,1,77838,FO,"zKRU Kylo FOO 8, Phasma 9, FOTP 8",0
"the geege",1,0,57834,Jawas,"Nebit 8, Jawa Engineer 7, Jawa Scavenger 7, Jawa 7, Dathcha 8",0
"Bavo",0,1,137935,DRMalak,"zzzDR zzHK-47 zBSF zzMalak Sith Empire Trooper",1
"Bavo",0,1,126920,padme,"zzPadme zGK zJKA zAhsoka zzC-3PO",1
"Bavo",,,331445,HansMF,"Home One, Han's MF, Rebel Y-wing, Bistan's U-wing, Phantom Ghost Cassian's U-wing, Wedge X-wing",1
"Bavo",0,1,121815,Grievous,"zzGG zB2 zB1 zDroideka zMagnaGuard",1
"Bavo",1,1,104573,JTR,"zzzJTR zScav Rey, zBB-8 R2-D2 Finn",1
"Bavo",1,1,120316,Revan Offense,"zzzJKR zGMY zBS zJolee Ezra",1
"Bavo",1,1,82574,Ewoks,"zChirpa Elder Paploo Wicket Logray",1
"Bavo",0,1,107108,BH,"zzBossk zzGreef Karga, zDengar zJango zBoba",1
"Bavo",1,1,89912,Carth,"zCarth Onasi, zMission zZaalbar Juhani zCanderous",1
"Bavo",1,1,92867,zEP,"zEP zzVader Tarkin TFP 8, zTraya 8",1
"Bavo",1,0,75177,Wiggs,"Wedge 8, Biggs 8, zCLS 9, zHan 9, Chewbacca 9",1
"Bavo",1,0,14221,SionSolo (Counter),"Sion 8",1
"Bavo",1,1,79022,NS,"zMT zzAV Daka 9, Zombie Spirit 6* 7",0
"Bavo",0,1,65937,Geonosians,"GBA 7, Sun Fac 8, Geo Soldier 9, Geo Spy 7, Poggle 6",0
"Bavo",,,295575,Executrix,"Executrix Tie Adv, Emperor's Shuttle, TIE Reaper 3*, Imperial TIE Fighter, Gauntlet Starfighter, First Order SF TIE Fighter, First Order TIE Fighter",0
"Bavo",1,1,89807,GAS,"zGAS 6* 8, zRex zEcho (501st) 9, zzFives 9, zARC Trooper 9",0
"Bavo",1,0,57903,Troopers,"Veers Starck 8, Stormtrooper 3, Admiral Piett 5* 7, Snowtrooper 8",0
"Bavo",0,1,66778,FO,"KRU 8, Kylo 9, FOO 8, FOE 9, FOST 8",0
"Bavo",0,1,69128,Phoenix,"zHera 8, Zeb 8, Kanan 8, Chopper 8, Sabine 7",0
"Bavo",1,1,63105,Rogue1,"Jyn 7, Chirrut 7, Baze 7, K-2SO 8, Cassian 7",0
"Bavo",1,0,12790,NestSolo (Counter),"Nest 7",0
