Name,Guild,Ally Code,GP,Chars GP,Ships GP,Character:Ships,Zetas,7*,G13 and higher,G12 and higher,G10 and higher,Jedi Knight Revan,Darth Revan,Malak,Padme,Genosian Brood Alpha,Shaak Ti,General Skywalker,Rey,Supreme Leader Kylo Ren,The Negotiator,Malevolence,Raddus,Finalizer
"Syrio Forel",BRG The Bad Batch,154146747,4895735,2974930,1920805,154,78,192,11,52,100,1,1,1,1,1,1,1,0,0,1,0,0,1
"Luigislink",BRG The Bad Batch,147358327,4931342,2921151,2010191,145,78,204,12,57,118,1,1,1,1,1,1,0,0,0,1,0,1,1
"Mertovski",BRG The Bad Batch,143854235,4582151,2812483,1769668,158,73,183,10,77,109,1,1,1,1,1,1,0,0,0,0,0,0,1
"D Day",BRG The Bad Batch,141259277,4849911,2915022,1934889,150,64,211,3,51,117,1,1,0,1,1,1,0,0,0,1,1,0,1
"Harbinger",BRG The Bad Batch,964119211,4748828,2789170,1959658,142,66,179,9,45,92,1,1,1,1,1,1,0,0,0,1,0,0,1
"Phalen",BRG The Bad Batch,962144936,4663512,2919819,1743693,167,91,184,25,91,109,1,1,1,1,1,1,1,0,0,1,0,0,0
"ZaynMalik",BRG The Bad Batch,957562193,3772368,2412756,1359612,177,67,142,12,49,95,1,1,1,1,1,1,0,0,0,0,0,0,0
"Bradboyz55",BRG The Bad Batch,947244918,4062377,2537868,1524509,166,70,163,5,67,87,1,1,1,1,1,1,0,0,0,0,0,0,0
"Cal Driver",BRG The Bad Batch,927461822,4417661,2669199,1748462,152,67,175,6,65,91,1,1,1,1,1,1,0,0,0,1,0,0,0
"Jack4",BRG The Bad Batch,918445352,4128657,2442471,1686186,144,67,170,14,68,99,1,1,1,1,1,1,1,0,0,1,0,0,0
"popejacko",BRG The Bad Batch,915115347,4509531,2572343,1937188,132,68,180,10,82,115,1,1,0,1,1,1,0,0,0,1,0,1,1
"al bundy",BRG The Bad Batch,892758663,5007033,2973238,2033795,146,54,205,15,52,116,1,1,1,1,1,1,1,0,0,1,0,1,1
"TheRealistRob",BRG The Bad Batch,888777721,4500126,2718683,1781443,152,64,192,2,57,86,1,1,0,1,1,1,0,0,0,1,0,0,1
"Tiric Thorn",BRG The Bad Batch,861769925,4660416,2945096,1715320,171,80,196,17,62,109,1,1,1,1,1,1,0,0,0,0,0,0,0
"DarthCrusher",BRG The Bad Batch,847242487,4933038,2919138,2013900,144,79,214,12,47,105,1,1,1,1,1,1,0,0,0,1,0,1,1
"DarthBrodious",BRG The Bad Batch,837777733,5348227,3222561,2125666,151,90,223,32,96,131,1,1,1,1,1,1,1,0,0,1,0,1,1
"Spart",BRG The Bad Batch,825379764,5235948,3064262,2171686,141,86,215,22,85,121,1,1,1,1,1,1,1,0,0,1,0,1,1
"oaktree",BRG The Bad Batch,814449267,4852926,2929673,1923253,152,81,196,18,69,110,1,1,1,1,1,1,1,0,0,1,0,0,1
"Hiokan",BRG The Bad Batch,795257322,4378073,2629307,1748766,150,76,186,9,43,89,1,1,1,1,1,1,0,0,0,1,0,0,1
"Er2dawin",BRG The Bad Batch,775393436,4231603,2597027,1634576,158,74,174,10,72,98,1,1,1,1,1,1,0,0,0,1,0,0,0
"Guisaks",BRG The Bad Batch,725587944,5283754,3146778,2136976,147,69,221,51,83,98,1,1,1,1,1,1,1,0,0,1,0,1,1
"Zaldarius",BRG The Bad Batch,716259318,4644350,2727187,1917163,142,69,179,5,40,79,1,1,0,1,1,1,0,0,0,0,0,0,1
"jamman74",BRG The Bad Batch,712264294,3991468,2454545,1536923,159,63,168,10,34,76,1,1,1,1,1,1,1,0,0,1,0,0,0
"Mel Falcon",BRG The Bad Batch,663993912,4438384,2634550,1803834,146,61,178,15,64,94,1,1,0,1,1,1,1,0,0,1,0,0,1
"Kalrîc",BRG The Bad Batch,646659119,5296333,3186302,2110031,151,87,208,19,85,121,1,1,1,1,1,1,1,0,0,1,0,0,1
"RogueV",BRG The Bad Batch,621453648,4280757,2543831,1736926,146,72,171,9,55,88,1,1,1,1,1,1,0,0,0,1,0,0,0
"Clemje Siliaveljo",BRG The Bad Batch,599453562,4919762,3012597,1907165,157,77,198,17,66,114,1,1,1,1,1,1,1,0,0,0,0,0,1
"Chris",BRG The Bad Batch,562669713,4895981,2975507,1920474,154,76,189,27,80,106,1,1,1,1,1,1,0,0,0,1,0,0,0
"shajiby",BRG The Bad Batch,546625567,4459079,2715587,1743492,155,72,183,15,55,101,1,1,1,1,1,1,1,0,0,1,0,0,1
"Dnalyen Ymer",BRG The Bad Batch,539385435,4466467,2689900,1776567,151,67,184,9,43,88,1,1,0,1,1,1,0,0,0,1,0,0,0
"Super Popcorn Chicken",BRG The Bad Batch,534857475,4656167,2864622,1791545,159,85,188,12,71,119,1,1,1,1,1,1,1,0,0,1,0,0,0
"Kk200723",BRG The Bad Batch,532122711,5179295,3051101,2128194,143,86,213,22,85,119,1,1,1,1,1,1,1,0,0,1,0,1,1
"GraveDigger78",BRG The Bad Batch,511431383,5202523,3097615,2104908,147,87,211,10,74,111,1,1,1,1,1,1,0,0,0,0,1,0,1
"SilverSpyder",BRG The Bad Batch,487837185,4418113,2671401,1746712,152,74,184,7,43,92,1,1,0,1,1,1,0,0,0,0,0,0,1
"Dark Knights",BRG The Bad Batch,482197867,5524054,3361288,2162766,155,76,216,46,90,113,1,1,1,1,1,1,1,0,0,1,0,1,1
"Bartman1220",BRG The Bad Batch,468862571,4648635,2754157,1894478,145,63,178,19,54,94,1,1,1,1,1,1,1,0,0,1,0,1,1
"Dek Lann",BRG The Bad Batch,416654249,4826376,2877202,1949174,147,91,191,12,50,88,1,1,0,1,0,1,0,0,0,1,0,0,1
"PillClinton",BRG The Bad Batch,383786623,4152351,2461721,1690630,145,63,183,5,62,84,1,1,0,1,1,1,0,0,0,1,0,0,1
"Andrew",BRG The Bad Batch,357333931,3321605,2092277,1229328,170,44,147,4,32,70,0,0,0,1,1,1,0,0,0,0,0,0,0
"JadeBele",BRG The Bad Batch,353238252,5127525,3017283,2110242,142,71,203,7,49,104,1,1,1,1,1,1,0,0,0,1,0,1,1
"BlueGrace",BRG The Bad Batch,352434441,4999547,3020762,1978785,152,80,206,17,55,98,1,1,1,1,1,1,0,0,0,0,0,1,1
"Seta",BRG The Bad Batch,346593475,4558834,2813217,1745617,161,71,185,7,57,103,1,1,1,1,1,1,0,0,0,1,0,0,0
"Drth Bne",BRG The Bad Batch,316779122,4310438,2586361,1724077,150,75,160,14,43,80,1,1,1,1,1,1,0,0,0,1,0,0,0
"Kaufee Wan Konobi",BRG The Bad Batch,313838627,4824140,3027923,1796217,168,83,173,17,97,117,1,0,0,1,1,1,0,0,0,0,0,0,1
"SSSSkywalker",BRG The Bad Batch,285854772,4711989,2865823,1846166,155,74,187,26,72,108,1,1,1,1,1,1,1,0,0,1,0,1,1
"Tatoine Cupcakes",BRG The Bad Batch,251993621,4552793,2706046,1846747,146,82,177,15,68,111,1,1,1,1,1,1,1,0,0,1,0,0,1
"DiabloSlay90",BRG The Bad Batch,234275494,3788719,2385686,1403033,170,63,169,7,36,90,1,1,1,1,1,1,0,0,0,1,0,0,0
"Adm Naismith",BRG The Bad Batch,219777571,3993405,2391708,1601697,149,62,170,9,32,80,1,1,1,1,1,1,0,0,0,0,1,0,0
"Ran Inlos",BRG The Bad Batch,181761745,4862625,2842685,2019940,140,81,197,8,54,105,1,1,0,1,1,1,0,0,0,1,0,0,1
"DarthDarth",BRG The Bad Batch,169543185,4438044,2802680,1635364,171,74,175,13,61,95,1,1,1,1,1,1,0,0,0,0,0,0,0
"TDU",BRG Baltic Fleet,976589444,4986059,2924718,2061341,141,91,186,18,86,115,1,1,1,1,1,1,0,0,0,1,0,0,1
"taliessin",BRG Baltic Fleet,964318549,4063934,2488212,1575722,157,69,150,10,28,74,1,0,0,1,1,1,0,0,0,0,0,0,0
"DavidSmeesh",BRG Baltic Fleet,897822383,4119648,2611848,1507800,173,78,170,17,62,111,1,1,1,1,1,1,0,0,0,0,0,0,0
"Yurius",BRG Baltic Fleet,881972262,4144882,2452006,1692876,144,59,163,13,54,83,1,1,1,1,1,1,0,0,0,1,0,0,0
"CreoZote",BRG Baltic Fleet,875419656,4923360,2888643,2034717,141,72,184,9,62,90,1,1,0,1,1,1,0,0,0,1,0,0,1
"Pinkaso",BRG Baltic Fleet,862741626,4743189,2878293,1864896,154,73,177,13,72,100,1,1,1,1,1,1,0,0,0,1,0,0,1
"Feralwraith",BRG Baltic Fleet,844327239,4309126,2418233,1890893,127,58,179,10,50,71,1,1,1,1,1,1,1,0,0,1,1,1,1
"Chaosx26",BRG Baltic Fleet,822811187,4227195,2487699,1739496,143,73,170,8,55,98,1,1,1,1,1,1,0,0,0,1,0,0,1
"Slava",BRG Baltic Fleet,817886733,3152990,1880166,1272824,147,47,145,5,17,72,1,1,0,1,1,1,0,0,0,1,0,0,0
"DarkEnough",BRG Baltic Fleet,811468775,4445054,2582262,1862792,138,67,187,11,58,94,1,1,1,1,1,1,0,0,0,0,0,0,1
"chris",BRG Baltic Fleet,786589539,2624032,1518027,1106005,137,16,81,3,12,38,0,0,0,0,0,1,0,0,0,0,0,0,0
"bal4",BRG Baltic Fleet,764732667,4131592,2321370,1810222,128,74,146,15,52,79,1,1,1,1,1,1,0,0,0,1,0,0,0
"Gnomofacij",BRG Baltic Fleet,721612318,4711230,2820266,1890964,149,74,187,20,71,100,1,1,1,1,1,1,0,0,0,1,0,0,0
"Zeno",BRG Baltic Fleet,711388113,3294037,1939914,1354123,143,67,126,10,45,66,1,0,0,1,1,1,0,0,0,1,0,0,0
"Carlozs",BRG Baltic Fleet,678261485,2917840,1751056,1166784,150,48,124,4,23,54,1,0,0,1,1,1,0,0,0,1,0,0,0
"Avalon Mezoly",BRG Baltic Fleet,635299824,3478368,2133161,1345207,158,57,152,10,26,73,1,1,1,1,1,1,0,0,0,1,0,0,0
"Ra2327",BRG Baltic Fleet,631393672,4509662,2709141,1800521,150,68,204,7,55,79,1,1,0,1,1,1,0,0,0,0,0,0,1
"wraeccan",BRG Baltic Fleet,626966755,5141770,2967873,2173897,136,90,211,4,66,112,1,1,1,1,1,1,0,0,0,1,0,1,1
"XthedarksideX23",BRG Baltic Fleet,593123655,4181957,2523361,1658596,152,68,159,22,70,88,1,1,1,1,1,1,0,0,0,1,0,0,0
"Sam391",BRG Baltic Fleet,578819999,3888478,2433266,1455212,167,76,162,9,56,85,1,1,0,1,1,1,0,0,0,0,0,0,0
"Knuckle Dragger",BRG Baltic Fleet,544712299,3436946,2002118,1434828,139,57,131,14,45,68,0,0,0,1,1,1,0,0,0,0,0,0,1
"Gauch",BRG Baltic Fleet,535656376,4307068,2489935,1817133,137,54,176,9,34,77,1,1,1,1,1,1,0,0,0,1,0,1,1
"Wheels",BRG Baltic Fleet,527159147,4429316,2683682,1745634,153,66,178,8,55,79,1,1,1,1,1,1,0,0,0,1,0,0,0
"BoabyFett",BRG Baltic Fleet,497634819,3801214,2310067,1491147,154,56,180,5,29,62,1,1,0,1,1,1,0,0,0,1,0,0,0
"Calon",BRG Baltic Fleet,457579749,4566200,2735886,1830314,149,74,195,9,45,84,1,1,1,1,1,1,0,0,0,1,0,0,1
"Mol Eliza gred",BRG Baltic Fleet,457254429,4031040,2314742,1716298,134,76,163,6,54,68,1,1,1,1,1,1,0,0,0,1,0,0,1
"Thad Bakhon",BRG Baltic Fleet,437197477,3176003,1789296,1386707,129,47,126,4,20,46,0,0,0,0,0,1,0,0,0,0,0,0,0
"Janis",BRG Baltic Fleet,422841891,4251472,2526843,1724629,146,82,161,20,50,80,1,1,1,1,1,1,1,0,0,1,0,0,0
"Xezthra",BRG Baltic Fleet,419521619,4139942,2491246,1648696,151,40,191,2,18,67,1,1,0,1,1,1,0,0,0,1,0,0,0
"Latvietis",BRG Baltic Fleet,416461983,3437279,2200043,1237236,177,59,152,12,60,80,1,1,1,1,1,1,0,0,0,0,0,0,0
"SPOCKZULU  R666",BRG Baltic Fleet,383684555,4870943,2911140,1959803,148,74,195,5,46,105,1,0,0,1,1,1,0,0,0,1,0,0,1
"Necro E",BRG Baltic Fleet,361859867,4449804,2802836,1646968,170,62,188,5,38,100,1,1,1,1,1,1,0,0,0,1,0,0,0
"effewe",BRG Baltic Fleet,359844469,4270281,2652699,1617582,163,73,164,9,48,87,1,1,0,1,1,1,0,0,0,1,0,0,0
"Travis Scott",BRG Baltic Fleet,347846417,3741085,2107673,1633412,129,48,154,11,34,68,1,1,0,1,0,1,0,0,0,0,0,0,0
"N'RG Theef",BRG Baltic Fleet,316225128,3619614,2114876,1504738,140,54,160,6,53,62,0,0,0,1,1,1,0,0,0,1,0,0,0
"ArchdukeHerrFranzUmlaut",BRG Baltic Fleet,283752154,3870849,2502459,1368390,182,68,160,9,45,74,1,1,0,1,1,1,0,0,0,0,0,0,0
"Puggle the Lesser",BRG Baltic Fleet,261661913,4387890,2504911,1882979,133,77,195,13,74,85,1,1,1,1,1,1,0,0,0,1,0,0,1
"Seasu Gohay",BRG Baltic Fleet,241156488,4681669,2869510,1812159,158,78,169,7,57,95,1,0,0,1,1,1,0,0,0,0,0,0,1
"Duums",BRG Baltic Fleet,228765519,3550775,2263212,1287563,175,70,143,9,53,86,1,1,0,1,1,0,0,0,0,0,0,0,0
"MrsBugsy",BRG Baltic Fleet,221496452,2394489,1307304,1087185,120,30,88,1,7,39,0,0,0,1,0,1,0,0,0,0,0,0,0
"Lukus Darklight",BRG Baltic Fleet,212797892,4174252,2454195,1720057,142,53,182,7,51,71,1,1,0,1,1,1,0,0,0,1,0,0,1
"Grusan",BRG Baltic Fleet,184446385,3664521,2119108,1545413,137,46,152,9,21,51,1,1,0,1,1,1,0,0,0,0,0,0,0
"Stress",BRG Baltic Fleet,159875877,4181758,2500706,1681052,148,62,169,12,47,75,1,1,1,1,1,1,0,0,0,1,0,0,1
"Valerka",BRG Censored,142171119,3184099,1803310,1380789,130,42,131,11,47,68,1,1,0,1,1,1,0,0,0,1,0,0,0
"Starlord Tibs",BRG Censored,123588394,3519273,2056429,1462844,140,55,148,12,34,60,1,1,1,1,1,1,0,0,0,1,0,0,0
"Cpt Fizz",BRG Censored,119793238,4004548,2330610,1673938,139,68,171,16,50,85,1,1,1,1,1,1,1,0,0,1,0,0,1
"Flardigan",BRG Censored,984351931,4190274,2524470,1665804,151,77,165,17,52,92,1,1,1,1,1,1,1,0,0,1,0,0,1
"Iany",BRG Censored,973985677,3628301,2044974,1583327,129,61,147,14,46,81,1,1,1,1,1,1,1,0,0,1,0,1,1
"altern8",BRG Censored,918867712,4057449,2496444,1561005,159,60,168,13,37,61,1,1,0,1,1,1,0,0,0,0,0,0,0
"Fisheye",BRG Censored,913769856,4528414,2691439,1836975,146,83,183,19,70,94,1,1,1,1,1,1,1,0,0,1,0,0,1
"Artig",BRG Censored,884157579,3716890,2167384,1549506,139,52,147,11,45,83,1,1,1,1,1,1,0,0,0,1,0,0,0
"B0BA",BRG Censored,874612438,3758170,2177633,1580537,137,47,169,9,43,75,1,1,0,1,1,1,0,0,0,1,0,0,0
"Gole1986",BRG Censored,869378115,2706592,1588655,1117937,142,47,126,9,51,62,1,1,0,1,0,0,0,0,0,0,0,0,1
"atrooga",BRG Censored,852418211,3571498,2120245,1451253,146,54,150,12,38,69,1,1,1,1,1,1,1,0,0,0,1,0,1
"Drew Rosario",BRG Censored,783146692,4697162,2782730,1914432,145,81,202,19,79,93,1,1,1,1,1,1,1,0,0,1,0,0,1
"Beeblebrox",BRG Censored,762722773,4371732,2500012,1871720,133,59,175,16,54,84,1,1,0,1,1,1,1,0,0,0,1,0,1
"Beastializer",BRG Censored,758527125,3084276,1904986,1179290,161,45,140,13,31,57,1,0,0,1,1,1,1,0,0,1,0,0,0
"Jay Wong",BRG Censored,753578821,4163503,2430253,1733250,140,72,160,23,61,85,1,1,1,1,1,1,1,0,0,1,1,0,1
"Pan Wombat",BRG Censored,723399469,4036572,2373911,1662661,142,64,158,7,44,77,1,1,1,1,1,1,0,0,0,1,0,0,0
"Amaru Nihilum",BRG Censored,697985546,4460946,2665463,1795483,148,78,182,6,39,106,1,1,0,1,1,1,0,0,0,1,0,0,1
"Sasuke Uchiha",BRG Censored,681736158,3335523,1991306,1344217,148,46,129,14,35,70,1,1,0,1,1,1,0,0,0,1,0,0,0
"Bella Luca",BRG Censored,672525374,3959875,2339473,1620402,144,66,171,8,37,67,1,1,1,1,1,1,0,0,0,0,0,0,0
"Aladout",BRG Censored,672269685,4543518,2656557,1886961,140,76,186,16,58,102,1,1,1,1,1,1,1,0,0,1,1,0,1
"Deell Jade",BRG Censored,666531553,4128472,2525249,1603223,157,71,157,8,58,93,1,1,0,1,1,1,0,0,0,1,0,0,0
"McGregor",BRG Censored,655941347,3854087,2386082,1468005,162,53,200,17,50,81,1,1,1,1,1,1,1,0,0,1,0,0,1
"Calaveylon Kwai",BRG Censored,579449823,4057016,2334529,1722487,135,70,154,8,59,88,1,0,0,1,1,1,0,0,0,1,0,0,1
"Dondon1975",BRG Censored,554826822,5205263,3159816,2045447,154,84,211,20,72,99,1,1,1,1,1,1,0,0,0,0,0,1,1
"ddcom1970",BRG Censored,537847222,3968210,2454024,1514186,162,62,158,12,69,100,1,0,0,1,1,1,0,0,0,1,0,0,0
"Splagwalker",BRG Censored,527949473,5136542,2911869,2224673,130,84,203,20,86,114,1,1,1,1,1,1,0,0,0,1,1,1,1
"Obi Matt",BRG Censored,526125838,4710588,2818319,1892269,148,80,187,18,57,99,1,1,1,1,1,1,1,0,0,1,0,0,1
"Logus",BRG Censored,519983497,2804709,1510253,1294456,116,27,111,12,24,61,0,0,0,1,1,1,0,0,0,1,0,0,0
"fblade",BRG Censored,498582457,3631525,2040472,1591053,128,53,114,16,35,43,0,0,0,1,1,1,0,0,0,1,0,0,0
"Enfys Pest",BRG Censored,475654423,4836809,2916147,1920662,151,79,189,25,80,109,1,1,1,1,1,1,1,0,0,0,1,0,1
"toyagata",BRG Censored,469532422,3858654,2092161,1766493,118,41,150,12,57,81,1,1,0,1,1,1,0,0,0,1,0,0,0
"DarthYagii",BRG Censored,439821826,3414285,1888975,1525310,123,46,141,11,52,74,1,1,0,1,1,1,0,0,0,1,0,0,0
"Myth",BRG Censored,438859262,4994674,2936302,2058372,142,71,216,13,51,107,1,1,1,1,1,1,1,0,0,1,1,0,1
"Yodi wan",BRG Censored,436744954,4673774,2755260,1918514,143,72,183,13,43,95,1,1,1,1,1,1,1,0,0,1,0,0,1
"IcO",BRG Censored,413863656,2834771,1517320,1317451,115,38,110,8,42,58,0,0,0,1,1,1,0,0,0,1,0,0,0
"Persi",BRG Censored,387543645,3219591,1920441,1299150,147,54,141,11,46,73,1,1,1,1,1,1,0,0,0,1,0,0,0
"Your mom isJabba",BRG Censored,384496563,4988668,3059972,1928696,158,87,202,10,53,104,1,1,1,1,1,1,0,0,0,1,0,0,0
"Hostile",BRG Censored,383144284,3316997,1906108,1410889,135,55,136,5,28,58,0,0,0,1,1,1,0,0,0,1,0,0,0
"gura",BRG Censored,359687342,3948683,2294268,1654415,138,57,164,16,52,79,1,1,1,1,1,1,1,0,0,1,0,0,1
"koinu",BRG Censored,357526815,3983993,2364205,1619788,145,67,153,7,47,78,1,0,0,1,0,1,0,0,0,1,0,0,1
"Mor Tal",BRG Censored,319694198,5271725,3098950,2172775,142,92,206,33,99,118,1,1,1,1,1,1,1,0,0,0,1,1,1
"JimmyTwoFaces",BRG Censored,318278362,4333438,2508751,1824687,137,66,167,22,45,89,1,1,1,1,1,1,1,0,0,0,1,0,1
"Wuher",BRG Censored,287778635,4797043,2728352,2068691,131,65,205,9,44,103,1,1,1,1,1,1,1,0,0,0,1,1,1
"StefiBG",BRG Censored,287678655,3162129,1699162,1462967,116,40,128,10,44,64,0,1,0,1,1,1,0,0,0,1,0,0,1
"Bugsy discord 8833",BRG Censored,272676824,4099587,2431143,1668444,145,74,168,17,46,97,1,1,1,1,1,1,1,0,0,0,1,0,1
"Morgan Freeman",BRG Censored,263362286,4601601,2674663,1926938,138,76,196,20,66,99,1,1,1,1,1,1,1,0,0,1,0,0,1
"Ludicrous",BRG Censored,262167869,3725027,2251590,1473437,152,66,167,7,43,81,1,1,1,1,1,1,1,0,0,0,1,0,0
"Algol",BRG Censored,239521251,4510078,2641640,1868438,141,76,200,16,61,102,1,1,1,1,1,1,1,0,0,1,0,0,1
"YodaSoda",BRG Censored,224175699,3585041,2106532,1478509,142,51,159,13,40,76,1,1,1,1,1,1,0,0,0,1,0,0,0
"Fallen1",BRG Censored,197244175,3655317,2115173,1540144,137,49,155,10,40,68,1,1,1,1,1,1,0,0,0,1,1,0,0
"Thux Kraç",BRG Exile,146561726,2476089,1437978,1038111,138,38,100,3,30,41,1,0,0,0,0,1,0,0,0,1,0,0,0
"Toroc",BRG Exile,145988389,1050661,689868,360793,191,5,47,1,2,12,1,1,0,0,0,0,0,0,0,0,0,0,0
"Vastrian Lomel",BRG Exile,112893262,841632,565294,276338,204,3,35,2,3,9,1,0,0,0,0,0,0,0,0,0,0,0,0
"Tuxedo",BRG Exile,995856283,3133705,1845100,1288605,143,38,168,2,14,50,1,1,0,0,0,1,0,0,0,1,0,0,1
"Cruzman",BRG Exile,962295923,2595421,1602335,993086,161,50,95,5,32,42,1,0,0,0,0,1,0,0,0,0,0,0,0
"Rahslinger",BRG Exile,941633915,2488121,1463122,1024999,142,43,118,4,35,49,1,1,1,1,1,1,0,0,0,0,0,0,0
"Gamer",BRG Exile,891489872,3895517,2245138,1650379,136,56,142,8,62,81,1,0,0,1,1,1,0,0,0,1,0,0,0
"CptBlackBush",BRG Exile,888364832,3731613,2190244,1541369,142,60,158,3,54,83,1,1,0,1,1,1,0,0,0,0,0,0,0
"Home One",BRG Exile,886581815,4264731,2527069,1737662,145,53,188,16,39,67,1,1,1,1,1,1,1,0,0,0,0,1,1
"Evilwaffles",BRG Exile,885226362,2289319,1508457,780862,193,45,84,16,37,51,1,1,1,0,0,1,0,0,0,0,0,0,1
"Chizznutty",BRG Exile,827839145,3035736,1784949,1250787,142,49,119,7,29,63,1,1,0,1,1,1,0,0,0,0,0,0,0
"DarkCoitus",BRG Exile,825389354,2953871,1908790,1045081,182,44,147,10,46,63,1,1,0,1,1,0,0,0,0,0,0,0,0
"ChadVader",BRG Exile,787359864,3513134,2104068,1409066,149,55,139,9,38,74,1,1,1,1,1,1,0,0,0,0,0,0,0
"Jeep",BRG Exile,785435376,4267865,2494757,1773108,140,52,168,8,65,87,1,1,0,1,0,1,0,0,0,0,0,0,0
"Xela Ztak",BRG Exile,779427813,3550650,2220062,1330588,166,44,172,6,51,71,1,1,1,1,1,1,0,0,0,0,0,0,0
"Hashslingingslasher",BRG Exile,778222546,3001083,1828727,1172356,155,45,123,2,19,51,1,1,0,1,1,1,0,0,0,0,0,0,0
"Talen Silerman",BRG Exile,758334195,2924837,1689697,1235140,136,26,137,7,9,35,0,0,0,0,0,1,0,0,0,0,0,0,0
"Shagmire",BRG Exile,748849194,4088327,2403534,1684793,142,61,179,2,49,92,1,1,1,1,1,1,0,0,0,1,0,0,1
"Gavon Mothma",BRG Exile,734238939,2679466,1559229,1120237,139,31,117,2,31,53,1,1,0,0,1,1,0,0,0,0,0,0,0
"Huntdaddy21",BRG Exile,719555721,3410566,2078031,1332535,155,48,133,3,17,66,1,1,1,1,1,1,0,0,0,0,0,0,0
"Mathius Oswald",BRG Exile,691839539,3571976,2296182,1275794,179,56,153,4,25,61,1,1,1,1,1,1,0,0,0,0,0,0,0
"Crazaig",BRG Exile,689688922,4045023,2414364,1630659,148,53,157,8,41,75,1,0,0,1,1,1,0,0,0,0,0,0,0
"Haus Junge",BRG Exile,687721517,4739920,2846839,1893081,150,61,183,15,68,94,1,1,1,1,1,1,0,0,0,1,0,0,0
"Bytor Snowdog",BRG Exile,656997348,4318365,2576097,1742268,147,60,183,12,40,93,1,1,1,1,1,1,0,0,0,1,0,0,0
"brlinho",BRG Exile,624712326,3318755,1745319,1573436,110,31,123,4,10,45,0,0,0,1,0,1,0,0,0,1,0,0,0
"tallon karrde",BRG Exile,623616269,2875371,1683640,1191731,141,32,121,5,21,58,1,1,0,1,1,1,0,0,0,0,0,0,0
"Nate",BRG Exile,588574513,4182227,2432543,1749684,139,63,183,6,43,81,1,1,1,1,1,1,0,0,0,1,0,0,1
"Ozzy",BRG Exile,574547774,4118593,2491251,1627342,153,69,173,8,30,86,1,1,0,1,1,1,0,0,0,1,0,0,0
"Quam",BRG Exile,564679127,4830943,2897730,1933213,149,70,191,9,37,96,1,1,0,1,1,1,0,0,0,0,0,0,1
"Edge",BRG Exile,562656168,2614190,1450223,1163967,124,41,96,7,27,46,0,1,0,0,0,1,0,0,0,0,0,0,1
"Lothaar",BRG Exile,549171629,3375520,2060718,1314802,156,36,134,0,24,51,0,0,0,0,0,1,0,0,0,0,0,0,0
"Qorbin D",BRG Exile,533239194,2056431,1140018,916413,124,26,79,4,33,42,1,0,0,0,1,0,0,0,0,0,0,0,0
"BoDayGuh",BRG Exile,487194728,3910536,2303707,1606829,143,55,164,2,46,57,1,1,0,1,1,1,0,0,0,0,0,0,0
"Jan Dodonna GAT",BRG Exile,482748136,3950563,2368838,1581725,149,34,172,16,34,51,1,1,1,1,1,1,0,0,0,0,0,0,0
"Carrot Hammer",BRG Exile,476638129,3524378,2124800,1399578,151,50,138,6,27,50,1,0,0,1,1,1,0,0,0,1,0,0,0
"Delmon Enz",BRG Exile,467248887,3825976,2348414,1477562,158,42,162,4,34,80,1,1,1,1,1,1,0,0,0,0,0,0,0
"TheMonikon",BRG Exile,423522555,3831459,2268918,1562541,145,51,150,9,36,68,0,0,0,1,1,1,0,0,0,1,0,0,0
"Highlander",BRG Exile,398734121,4192306,2537377,1654929,153,42,169,4,18,64,1,1,0,1,1,1,0,0,0,1,0,0,1
"J1GSAW",BRG Exile,396957153,2090622,1276520,814102,156,22,96,2,21,32,1,0,0,0,1,1,0,0,0,1,0,0,0
"JBluntz",BRG Exile,369351845,3359831,1921761,1438070,133,53,143,5,41,63,1,1,1,1,1,1,0,0,0,0,0,0,1
"GeneralGrievous",BRG Exile,349616573,3974284,2455177,1519107,161,63,187,3,48,87,1,1,1,1,1,1,0,0,0,0,0,0,1
"Lenders Quizan",BRG Exile,341737735,4417151,2616196,1800955,145,18,204,1,16,52,1,1,0,1,1,1,0,0,0,0,0,1,1
"Jaycop",BRG Exile,322352622,2680090,1671078,1009012,165,43,134,5,23,43,1,0,0,1,1,1,0,0,0,0,0,0,0
"Leo the lion",BRG Exile,312994299,4228225,2385305,1842920,129,44,172,9,28,71,1,0,0,1,1,1,0,0,0,1,0,0,0
"Cóunt Starkíller",BRG Exile,277934547,2619345,1639034,980311,167,38,115,5,29,55,0,1,0,0,0,1,0,0,0,0,0,0,0
"AndyJediDude",BRG Exile,256488565,3322447,1910749,1411698,135,35,151,6,41,67,1,0,0,1,1,1,0,0,0,0,0,0,0
"Raider",BRG Exile,253937118,3687262,2177705,1509557,144,56,167,5,28,67,1,1,1,1,1,1,0,0,0,0,0,0,1
"Sandgoat",BRG Exile,191343195,3269831,1911383,1358448,140,42,160,3,33,63,1,1,1,1,1,1,0,0,0,0,0,0,0
"Whitezilla",BRG Hope,123158749,4489224,2858489,1630735,175,74,147,12,60,106,1,1,0,1,1,1,0,0,0,1,0,0,0
"Scrappy",BRG Hope,297688521,3541428,2071953,1469475,140,44,152,13,52,70,1,1,0,1,1,1,0,0,0,0,0,0,0
"Waldo",BRG Hope,288837662,3566371,2188441,1377930,158,59,171,12,41,63,1,1,1,1,1,1,0,0,0,0,0,0,1
"serChetnik",BRG Hope,279986735,3034433,1659930,1374503,120,49,106,8,35,61,1,0,0,1,1,1,0,0,0,1,0,0,0
"Kahn",BRG Hope,275551246,3583661,2171053,1412608,153,63,129,15,45,69,1,0,0,1,1,1,0,0,0,0,0,0,0
"tiktak612",BRG Hope,262416937,4470260,2665803,1804457,147,64,198,9,36,68,1,1,0,1,1,1,0,0,0,1,1,0,0
"JoeWinds",BRG Hope,254825252,3775958,2232194,1543764,144,50,158,5,29,74,1,1,1,1,1,1,0,0,0,1,0,0,0
"Busan Kaz",BRG Hope,249938994,4693233,2840864,1852369,153,77,186,20,65,96,1,1,1,1,1,1,1,0,0,1,0,0,1
"Easy E",BRG Hope,221724179,3835555,2358950,1476605,159,41,174,5,38,70,1,0,0,1,1,1,0,0,0,1,0,0,0
"KillerB",BRG Hope,218397595,4939652,2915536,2024116,144,78,214,6,66,104,1,1,1,1,1,1,0,0,0,1,0,1,1
"Tendo Varis",BRG Hope,197664829,5110466,2977106,2133360,139,77,217,18,67,120,1,1,1,1,1,1,0,0,0,1,0,1,1
"Chakko",BRG Hope,191441344,3677938,1879521,1798417,104,46,132,8,23,47,0,0,0,1,1,1,0,0,0,1,0,0,1
"TheDoctor",BRG Hope,162767561,4774976,2800325,1974651,141,78,193,25,78,107,1,1,1,1,1,1,1,0,0,1,0,1,0
"Mol Eliza",BRG Hope,149512495,4342358,2626820,1715538,153,71,179,9,70,96,1,1,0,1,0,1,0,0,0,0,0,0,0
"E2d2",BRG Hope,963426871,3750300,2267746,1482554,152,66,165,7,27,73,1,1,1,1,1,1,0,0,0,1,0,0,0
"Yoda4President",BRG Hope,963167295,3140292,2064175,1076117,191,58,119,8,50,75,0,0,0,1,1,1,0,0,0,0,0,0,0
"BigRed",BRG Hope,954383636,4283970,2475225,1808745,136,61,166,10,61,86,1,1,1,1,1,1,0,0,0,1,0,0,0
"Ashe Karrde",BRG Hope,933479489,5535305,3292756,2242549,146,102,213,22,123,154,1,1,1,1,1,1,0,0,0,1,0,1,1
"Obi Bells",BRG Hope,926869286,3914278,2392117,1522161,157,67,175,8,41,77,1,1,1,1,1,1,0,0,0,1,0,0,0
"Raiders",BRG Hope,896535542,3542181,2094774,1447407,144,54,147,11,51,70,1,1,0,1,1,1,0,0,0,0,0,0,1
"Mc1631",BRG Hope,894524555,4372823,2606542,1766281,147,56,181,18,61,88,1,1,0,1,1,1,0,0,0,0,0,0,1
"MattBerg757",BRG Hope,864968452,4770630,2857977,1912653,149,81,197,10,54,103,1,1,1,1,1,1,0,0,0,0,0,0,1
"Delmon Ciiid'r",BRG Hope,832898899,3856149,2324262,1531887,151,62,139,30,55,75,1,1,1,1,1,1,0,0,0,1,0,0,1
"DarthZombies",BRG Hope,792782413,3866441,2280265,1586176,143,62,153,10,54,75,1,0,0,1,0,0,0,0,0,1,0,0,0
"JAXDEN",BRG Hope,791163596,3755078,2346882,1408196,166,61,144,17,54,75,1,1,1,1,1,1,0,0,0,0,0,0,0
"TB0ne",BRG Hope,788196177,4085976,2331927,1754049,132,60,173,6,46,88,1,1,0,1,1,1,0,0,0,1,0,0,0
"C3MO",BRG Hope,777719932,3707628,2324562,1383066,168,75,173,8,37,76,1,1,1,1,1,1,0,0,0,1,0,0,0
"ID2618",BRG Hope,755372417,2062208,1114482,947726,117,16,77,0,7,45,0,0,0,0,1,1,0,0,0,1,0,0,0
"Greatfuljed I",BRG Hope,717658145,4890491,2905277,1985214,146,80,186,25,95,125,1,1,1,1,1,1,0,0,0,1,0,0,0
"Dorrin",BRG Hope,688692613,3690547,2302441,1388106,165,64,163,13,51,78,1,0,0,1,1,1,0,0,0,1,0,0,0
"Eric",BRG Hope,668226572,3379463,2100414,1279049,164,55,139,11,47,74,1,1,0,1,1,1,0,0,0,0,0,0,1
"Nep",BRG Hope,654482112,3505741,2048073,1457668,140,44,137,17,38,61,1,0,0,0,0,1,0,0,0,0,0,0,0
"Tag1turn2",BRG Hope,586129226,4150162,2496396,1653766,150,57,166,13,55,83,1,1,1,1,1,1,0,0,0,1,0,0,0
"Mos Vander",BRG Hope,585778329,3648044,2243581,1404463,159,63,153,8,32,60,1,1,1,1,1,1,0,0,0,1,0,0,0
"Gypsidanger",BRG Hope,558236375,4422598,2659957,1762641,150,71,166,13,79,117,1,1,0,1,1,1,0,0,0,1,0,0,0
"PrincessKitana",BRG Hope,551729285,4214340,2556600,1657740,154,52,176,15,55,79,1,0,0,1,1,1,0,0,0,1,0,0,0
"Calaveylon Kwai",BRG Hope,536679288,4189531,2515283,1674248,150,69,177,7,62,85,1,1,0,1,0,1,0,0,0,0,0,0,0
"DarthKevin",BRG Hope,519821548,3967951,2403820,1564131,153,54,174,8,44,93,1,1,1,1,1,1,0,0,0,0,0,0,0
"Longshadow71",BRG Hope,498885325,4485077,2632148,1852929,142,62,189,6,42,79,1,1,0,1,1,1,0,0,0,1,0,0,1
"Tau Beta",BRG Hope,454169494,4618867,2809451,1809416,155,66,182,6,44,92,1,1,0,1,1,1,0,0,0,1,0,0,0
"Frankie",BRG Hope,441226825,3764260,2250562,1513698,148,60,181,5,35,85,1,1,1,1,1,1,0,0,0,1,0,0,1
"Arwkin",BRG Hope,436575137,4225061,2422381,1802680,134,55,170,7,38,69,1,1,0,1,1,1,0,0,0,0,0,0,1
"Eclipse",BRG Hope,425249168,3574502,2136527,1437975,148,60,131,18,41,79,1,1,1,1,1,1,1,0,0,1,0,0,1
"Tim Wildstorm",BRG Hope,417336682,4597587,2660563,1937024,137,56,198,10,40,77,1,1,1,1,1,1,0,0,0,1,0,1,1
"Gorgatron",BRG Hope,369351434,4275042,2493711,1781331,139,63,172,14,50,87,1,0,0,1,1,1,0,0,0,1,0,0,1
"Belargos",BRG Hope,347474759,4422250,2450637,1971613,124,51,175,13,37,81,1,0,0,1,1,1,0,0,0,1,0,1,0
"Jasmyne Enyaw",BRG Hope,342275664,4947058,2944948,2002110,147,62,209,3,62,110,1,0,0,1,1,1,0,0,0,0,0,0,1
"tiktak",BRG Hope,315847363,4312585,2556568,1756017,145,59,196,9,27,58,1,1,0,1,1,1,0,0,0,1,1,0,0
"Sanderz",BRG Hope,298283175,3865854,2426315,1439539,168,65,164,8,51,79,1,1,1,1,1,1,0,0,0,1,0,0,0
"Timarius",[BRG]DropItLikeIt'sHoth,238999213,4986605,2958945,2027660,145,82,204,4,47,97,1,1,0,1,1,1,0,0,0,0,0,0,1
"smellycorpse",[BRG]DropItLikeIt'sHoth,224259193,3587562,2193815,1393747,157,25,143,2,20,49,0,0,0,1,0,1,0,0,0,0,0,0,0
"Drew",[BRG]DropItLikeIt'sHoth,177465895,1956955,1230021,726934,169,9,60,1,9,21,0,0,0,1,1,0,0,0,0,0,0,0,0
"plattybom",[BRG]DropItLikeIt'sHoth,166569931,3197136,1992840,1204296,165,47,140,0,37,76,1,0,0,1,1,1,0,0,0,0,0,0,0
"Sotiri",[BRG]DropItLikeIt'sHoth,156727472,4069858,2363580,1706278,138,84,158,12,54,82,1,1,0,1,1,1,0,0,0,0,0,0,0
"jack4 and jack3",[BRG]DropItLikeIt'sHoth,145589357,4320001,2502868,1817133,137,70,160,19,75,81,1,1,0,1,1,1,0,0,0,0,0,0,1
"Senerick",[BRG]DropItLikeIt'sHoth,125945678,2717573,1513525,1204048,125,34,123,8,25,34,0,0,0,0,0,1,0,0,0,0,0,0,0
"Air Saxon Jr",[BRG]DropItLikeIt'sHoth,117254716,4010080,2513679,1496401,167,52,171,8,51,80,1,1,0,1,1,1,0,0,0,1,0,0,0
"Krooked",[BRG]DropItLikeIt'sHoth,115786486,3288553,1968611,1319942,149,40,149,2,23,39,1,0,0,1,1,1,0,0,0,0,0,0,0
"Dustin",[BRG]DropItLikeIt'sHoth,997544189,2468382,1416028,1052354,134,34,108,6,12,18,0,0,0,1,0,1,0,0,0,0,0,0,0
"Hallett",[BRG]DropItLikeIt'sHoth,988358141,2374344,1516838,857506,176,26,85,0,20,34,1,0,0,0,0,0,0,0,0,0,0,0,0
"Cam",[BRG]DropItLikeIt'sHoth,936528281,1864436,1097596,766840,143,14,84,1,11,25,0,0,0,0,0,0,0,0,0,0,0,0,0
"J Gambolputty",[BRG]DropItLikeIt'sHoth,915182636,3442950,2037239,1405711,144,43,149,0,8,44,0,0,0,1,1,0,0,0,0,0,0,0,0
"Gambolt",[BRG]DropItLikeIt'sHoth,912243447,4823526,2912272,1911254,152,71,186,9,76,111,1,1,0,1,1,1,0,0,0,0,0,0,0
"Ropie",[BRG]DropItLikeIt'sHoth,897825527,2636151,1459250,1176901,123,27,127,5,14,37,0,0,0,1,1,1,0,0,0,0,0,0,0
"Porkins Revenge",[BRG]DropItLikeIt'sHoth,888166897,902305,556503,345802,160,0,9,0,1,6,0,0,0,0,0,0,0,0,0,0,0,0,0
"hanswookie",[BRG]DropItLikeIt'sHoth,855821587,2398942,1402165,996777,140,35,106,8,32,52,0,0,0,1,1,1,0,0,0,1,0,0,0
"AnimalMother",[BRG]DropItLikeIt'sHoth,848328121,1589392,1046037,543355,192,9,75,0,3,26,0,0,0,1,0,1,0,0,0,0,0,0,0
"Thatcher",[BRG]DropItLikeIt'sHoth,812837398,4682017,2863600,1818417,157,51,184,17,95,131,1,1,1,1,1,1,0,0,0,1,0,0,0
"reemil10",[BRG]DropItLikeIt'sHoth,787775939,3686520,2364466,1322054,178,79,151,12,43,86,1,1,0,1,1,1,1,0,0,0,0,0,1
"Air Saxon",[BRG]DropItLikeIt'sHoth,782528241,1850262,1115519,734743,151,19,77,0,5,26,1,0,0,1,1,1,0,0,0,0,0,0,0
"JSL Mos Scott",[BRG]DropItLikeIt'sHoth,765126269,4719830,2804374,1915456,146,76,200,10,58,100,1,0,0,1,1,1,0,0,0,0,0,0,1
"Thrak",[BRG]DropItLikeIt'sHoth,741138996,5249661,3157350,2092311,150,87,215,25,89,123,1,1,1,1,1,1,1,0,0,0,0,1,1
"popo",[BRG]DropItLikeIt'sHoth,724664337,5028345,3024523,2003822,150,78,202,29,64,110,1,1,1,1,1,1,0,0,0,0,0,1,0
"DarthSmellyPants2",[BRG]DropItLikeIt'sHoth,712692396,3918414,2410920,1507494,159,60,169,5,31,87,1,0,0,1,0,1,0,0,0,0,0,0,0
"Selroc Nimspil",[BRG]DropItLikeIt'sHoth,696271356,2999152,1772115,1227037,144,39,117,6,19,32,1,0,0,1,0,1,0,0,0,0,0,0,0
"Dark Helmet",[BRG]DropItLikeIt'sHoth,693159347,4293225,2485572,1807653,137,65,167,6,52,79,1,0,0,1,1,1,0,0,0,0,0,0,1
"Dartth710Chris82",[BRG]DropItLikeIt'sHoth,665434918,3458817,2081378,1377439,151,42,153,10,49,64,1,0,0,1,1,1,0,0,0,0,0,0,0
"Sam Osa",[BRG]DropItLikeIt'sHoth,646697759,3360589,2125252,1235337,172,45,158,5,26,65,0,1,0,1,1,1,0,0,0,0,0,0,0
"Skand",[BRG]DropItLikeIt'sHoth,646475999,2617694,1525899,1091795,139,27,138,4,13,34,0,0,0,1,1,1,0,0,0,0,0,0,0
"KyloRen",[BRG]DropItLikeIt'sHoth,593472824,2960786,1837167,1123619,163,57,133,8,35,46,0,0,0,1,0,1,0,0,0,0,0,0,0
"Mor'da Inwe",[BRG]DropItLikeIt'sHoth,587963457,1770200,1025555,744645,137,17,65,0,1,17,0,0,0,0,0,0,0,0,0,0,0,0,0
"CFall87",[BRG]DropItLikeIt'sHoth,575596166,235708,184620,51088,361,0,8,0,0,0,0,0,0,0,0,0,0,0,0,0,0,0,0
"Kleos",[BRG]DropItLikeIt'sHoth,522297916,3329392,1977622,1351770,146,39,159,0,16,41,1,0,0,0,0,1,0,0,0,0,0,0,0
"Rashkara",[BRG]DropItLikeIt'sHoth,499412811,3828140,2305434,1522706,151,36,168,0,19,58,1,0,0,0,0,0,0,0,0,0,0,0,0
"Anraeth Grim",[BRG]DropItLikeIt'sHoth,496673158,3397557,1986340,1411217,140,36,146,4,53,79,1,1,0,1,1,1,0,0,0,0,0,0,0
"slm3003",[BRG]DropItLikeIt'sHoth,495331225,4605436,2806360,1799076,155,61,203,0,63,97,1,1,1,0,0,0,0,0,0,0,0,0,0
"Panzr",[BRG]DropItLikeIt'sHoth,446797273,2063955,1252131,811824,154,23,76,5,24,34,0,0,0,0,0,1,0,0,0,0,0,0,0
"Rogueleader",[BRG]DropItLikeIt'sHoth,422197768,2667614,1473502,1194112,123,24,106,2,9,25,0,0,0,1,1,1,0,0,0,1,0,0,0
"Kalframer",[BRG]DropItLikeIt'sHoth,372656615,3304708,2085522,1219186,171,49,144,2,23,52,1,0,0,1,1,0,0,0,0,0,0,0,0
"boommcgee",[BRG]DropItLikeIt'sHoth,363288322,2351136,1514299,836837,180,9,119,1,12,36,0,0,0,0,0,0,0,0,0,0,0,0,0
"chinpokomon",[BRG]DropItLikeIt'sHoth,329251861,4973818,2898940,2074878,139,81,215,8,49,119,1,1,1,1,1,1,0,0,0,0,0,1,1
"Skand FTP",[BRG]DropItLikeIt'sHoth,328166717,878526,569057,309469,183,4,50,0,0,9,0,0,0,0,1,0,0,0,0,0,0,0,0
"DarthSmellyPants",[BRG]DropItLikeIt'sHoth,244322114,3737330,2351848,1385482,169,65,172,11,56,88,1,1,1,1,1,1,0,0,0,0,0,0,0
"Andres",BRG Jyn and Juice,436292767,3873226,2251833,1621393,138,59,171,12,48,76,1,1,1,1,0,1,1,0,0,0,0,0,1
"Cyrus Tyne",BRG Jyn and Juice,432299662,4765654,2838298,1927356,147,62,216,3,70,102,1,1,1,1,1,1,0,0,0,1,0,1,1
"Tallon  Klaw",BRG Jyn and Juice,413794184,4331145,2760941,1570204,175,78,161,12,84,102,1,1,1,1,1,1,0,0,0,1,0,0,0
"Dracoon666",BRG Jyn and Juice,396881699,4231205,2616832,1614373,162,75,168,19,56,98,1,1,1,1,1,1,0,0,0,1,0,0,0
"Dwreck",BRG Jyn and Juice,333786422,3158420,1961049,1197371,163,23,153,1,3,63,1,1,0,1,1,1,0,0,0,0,0,0,0
"Aldershot",BRG Jyn and Juice,329714956,4555784,2727783,1828001,149,72,189,5,56,100,1,1,1,1,1,1,0,0,0,1,0,0,1
"kahiki",BRG Jyn and Juice,269858592,4087985,2636056,1451929,181,57,161,18,43,72,1,0,0,1,1,1,1,0,0,0,0,0,0
"Hammerstar",BRG Jyn and Juice,267987416,4993986,2981453,2012533,148,80,203,3,80,118,1,1,1,1,1,1,0,0,0,1,0,0,1
"Elias Lund",BRG Jyn and Juice,265594683,5061630,2945257,2116373,139,70,190,8,48,95,1,1,1,1,1,1,0,0,0,0,0,1,1
"Areki Mawr",BRG Jyn and Juice,258963642,3283484,1966137,1317347,149,40,123,10,33,56,1,1,0,1,1,1,1,0,0,1,0,0,0
"bryanb",BRG Jyn and Juice,234158394,4230772,2574309,1656463,155,61,183,9,34,93,1,1,1,1,1,1,0,0,0,0,0,0,1
"Celeb",BRG Jyn and Juice,147333853,4359426,2663375,1696051,157,47,194,27,74,108,1,1,1,1,1,1,1,1,0,1,0,1,0
"Darthtim",BRG Jyn and Juice,146688265,3284370,1963104,1321266,148,41,105,7,17,59,0,0,0,0,0,1,0,0,0,0,0,0,0
"Tree11",BRG Jyn and Juice,143655265,4386664,2522897,1863767,135,65,173,30,52,78,1,1,1,1,1,1,1,0,0,1,0,1,1
"AntisocialPrick",BRG Jyn and Juice,135862772,3535014,2107674,1427340,147,56,151,8,55,78,1,1,0,1,1,1,0,0,0,0,0,0,0
"Infamanz",BRG Jyn and Juice,134886578,3856269,2278402,1577867,144,61,152,9,40,80,1,1,0,1,1,1,1,0,0,0,0,0,1
"Nemisar",BRG Jyn and Juice,987651379,3042752,1741099,1301653,133,38,117,10,18,39,0,0,0,1,1,1,0,0,0,0,0,0,0
"Char Nimbus",BRG Jyn and Juice,968922433,4995730,2950344,2045386,144,79,215,9,58,113,1,1,1,1,1,1,0,0,0,1,0,1,1
"Hurriedtripod",BRG Jyn and Juice,967942562,4598941,2788624,1810317,154,72,194,22,79,109,1,1,1,1,1,1,1,0,0,1,0,1,0
"JadedATB",BRG Jyn and Juice,957689227,4405653,2612775,1792878,145,54,185,9,32,58,1,1,1,1,1,1,0,0,0,0,1,0,0
"Kaladin Stormbringer",BRG Jyn and Juice,953868489,3824476,2286883,1537593,148,59,171,6,37,68,1,1,1,1,1,1,0,0,0,0,0,0,0
"Hadriel Jetberg",BRG Jyn and Juice,945359717,3098951,1888976,1209975,156,49,136,6,19,55,1,0,0,1,1,1,0,0,0,0,0,0,0
"Aynida Ghiobb",BRG Jyn and Juice,936233587,3390009,2010757,1379252,145,62,151,11,49,68,1,0,0,1,1,0,0,0,0,0,1,0,1
"Guill118",BRG Jyn and Juice,932325566,4923106,2946629,1976477,149,79,204,16,72,99,1,1,1,1,1,1,1,0,0,1,0,0,1
"Faroer Laike the Accursed",BRG Jyn and Juice,923312785,4156330,2598957,1557373,166,65,164,15,37,85,1,0,0,1,1,1,0,0,0,0,0,0,0
"BB8 Killer",BRG Jyn and Juice,899924482,3624860,2197268,1427592,153,47,153,6,48,87,1,1,0,0,1,1,0,0,0,1,0,0,0
"Uvad Squirl",BRG Jyn and Juice,868679139,3604852,2216889,1387963,159,74,159,7,51,86,1,1,1,1,1,1,0,0,0,1,0,0,0
"Aparada",BRG Jyn and Juice,859529475,3812207,2230855,1581352,141,62,181,4,52,79,1,1,1,1,1,1,0,0,0,0,0,0,0
"Wborobaggins",BRG Jyn and Juice,838378747,4215463,2370487,1844976,128,55,157,13,32,66,0,0,0,1,1,1,0,0,0,0,1,0,0
"Daneth Guin",BRG Jyn and Juice,827981268,3780313,2339625,1440688,162,65,142,16,35,67,1,1,0,1,1,1,0,0,0,0,0,0,0
"Patton",BRG Jyn and Juice,825561358,4255072,2650073,1604999,165,52,161,4,38,85,0,0,0,1,1,1,0,0,0,1,0,0,0
"Shewy",BRG Jyn and Juice,822681348,4810380,2913691,1896689,153,74,181,12,68,103,1,1,1,1,1,1,0,0,0,1,0,0,1
"Collinell",BRG Jyn and Juice,739845764,3074422,1851479,1222943,151,36,116,7,24,66,0,0,0,1,1,1,1,0,0,1,0,0,0
"Thrain IV",BRG Jyn and Juice,679427723,3988801,2272278,1716523,132,43,176,12,30,64,1,0,0,1,1,1,0,0,0,0,0,0,1
"TheMerk",BRG Jyn and Juice,678659978,3071946,1886853,1185093,159,43,142,6,30,62,1,0,0,1,1,1,0,0,0,0,0,0,0
"Dash",BRG Jyn and Juice,673749465,3610870,2243146,1367724,164,49,145,11,49,80,1,1,1,1,1,1,1,0,0,0,0,0,0
"Stu McGree",BRG Jyn and Juice,659723461,3945220,2306953,1638267,140,80,166,10,54,78,1,1,0,1,0,1,0,0,0,0,0,0,1
"Ashley Kamalas",BRG Jyn and Juice,644628866,4122137,2433256,1688881,144,58,183,8,38,77,1,1,1,1,1,1,0,0,0,1,0,0,1
"DarthRiP",BRG Jyn and Juice,642421193,4532876,2696002,1836874,146,63,172,28,72,93,1,1,1,1,1,1,1,0,0,1,0,0,0
"Adobo",BRG Jyn and Juice,617237347,2730768,1626033,1104735,147,31,99,6,19,42,0,0,0,1,0,1,0,0,0,0,0,0,0
"BSG",BRG Jyn and Juice,597394456,4555982,2730397,1825585,149,63,207,4,41,116,1,1,0,1,1,1,0,0,0,1,0,0,1
"Hector5599",BRG Jyn and Juice,587222886,2902700,1887762,1014938,185,57,121,12,54,72,1,1,1,1,1,1,0,0,0,0,0,0,0
"Notorious",BRG Jyn and Juice,561653138,3422823,2045798,1377025,148,50,141,10,34,72,1,0,0,1,1,1,1,0,0,0,0,0,0
"Jules",BRG Jyn and Juice,559283415,2634985,1580545,1054440,149,39,109,9,34,59,1,1,1,1,1,1,0,0,0,0,0,0,0
"Zarkon47",BRG Jyn and Juice,516451282,4427330,2708540,1718790,157,84,173,9,79,119,1,1,1,1,1,1,0,0,0,0,0,0,0
"Cpl Jody",BRG Jyn and Juice,512263924,4016114,2377121,1638993,145,66,158,4,26,78,1,1,0,1,1,1,0,0,0,1,0,0,0
"NočnáMoraTvojhoOtca",BRG Jyn and Juice,497483978,3160891,1965791,1195100,164,48,132,12,38,62,1,0,0,1,1,1,0,0,0,0,0,0,0
"Altern8",BRG Jyn and Juice,453728856,4495899,2740135,1755764,156,59,184,6,24,87,1,0,0,1,1,1,0,0,0,1,0,0,0
"Vurkaçoğlu",BRG Jyn and Juice,446472317,2985022,1730515,1254507,137,60,121,10,32,47,1,0,0,0,0,1,0,0,0,0,0,0,0
"TropicRave",BRG Jyn and Juice,439973262,4417311,2662722,1754589,151,64,185,12,51,91,1,1,1,1,1,1,1,0,0,1,0,0,1
"JARich2006",BRG Livin La Vida Y0da,217345518,2980318,1624320,1355998,119,27,113,9,21,38,0,0,0,1,1,1,0,0,0,0,0,0,1
"RossildaHutt",BRG Livin La Vida Y0da,183817828,4166366,2517799,1648567,152,69,177,16,61,86,1,0,0,1,1,1,0,0,0,1,0,0,0
"Parkinsonovics",BRG Livin La Vida Y0da,182168294,3732716,2205633,1527083,144,60,150,11,45,77,1,1,1,1,1,1,0,0,0,0,0,0,0
"Mayday",BRG Livin La Vida Y0da,178365811,4435475,2627736,1807739,145,15,199,2,14,73,1,0,0,1,1,1,0,0,0,0,0,0,1
"GooseBall16",BRG Livin La Vida Y0da,983238267,2742128,1685861,1056267,159,38,106,3,17,42,1,0,0,1,1,0,0,0,0,1,0,0,0
"DJ Maxximus",BRG Livin La Vida Y0da,962877636,3280859,1881305,1399554,134,33,148,5,23,53,1,0,0,1,0,1,0,0,0,1,0,0,0
"Mitorina Basa",BRG Livin La Vida Y0da,958938736,2941457,1783263,1158194,153,30,147,7,21,51,1,0,0,1,1,1,0,0,0,0,0,0,0
"Tikilicious",BRG Livin La Vida Y0da,956426454,4184673,2506447,1678226,149,77,187,13,64,90,1,1,1,1,1,1,1,0,0,1,0,0,1
"Speesquack",BRG Livin La Vida Y0da,916373264,3036203,1849673,1186530,155,35,121,6,10,43,0,0,0,1,1,1,0,0,0,0,0,0,0
"Sokie",BRG Livin La Vida Y0da,898468712,4118087,2436318,1681769,144,57,169,6,40,73,1,1,1,1,1,1,0,0,0,1,0,0,0
"TK420",BRG Livin La Vida Y0da,865233873,2847753,1682416,1165337,144,39,123,7,26,53,1,0,0,1,1,0,0,0,0,1,0,0,0
"Redav Accabwehc",BRG Livin La Vida Y0da,836961766,2933955,1629472,1304483,124,46,113,10,30,53,1,0,0,1,1,1,0,0,0,1,0,0,0
"shane",BRG Livin La Vida Y0da,782373741,3984777,2335534,1649243,141,39,138,24,43,65,1,0,0,1,1,1,0,0,0,0,1,0,0
"Wiz",BRG Livin La Vida Y0da,775944271,2693044,1779841,913203,194,47,92,9,33,58,1,1,0,1,0,1,0,0,0,0,0,0,0
"Desulation",BRG Livin La Vida Y0da,771259172,2460733,1604945,855788,187,38,108,11,26,49,1,1,0,1,1,0,0,0,0,0,0,0,0
"Obiwannnn",BRG Livin La Vida Y0da,719174358,2869906,1715429,1154477,148,36,133,7,32,51,1,0,0,1,1,1,0,0,0,1,0,0,0
"Hypocrite",BRG Livin La Vida Y0da,715583814,1579226,850161,729065,116,21,59,7,13,24,1,0,0,1,0,1,0,0,0,1,0,0,0
"DarthBaderGinsburg",BRG Livin La Vida Y0da,712614437,2841984,1643993,1197991,137,29,113,2,15,45,1,1,0,1,1,1,0,0,0,1,0,0,0
"Razkul",BRG Livin La Vida Y0da,699551993,3248111,2034588,1213523,167,54,130,7,28,58,1,1,1,1,1,1,0,0,0,0,0,0,0
"Aggu Tac Tac",BRG Livin La Vida Y0da,686378341,4628443,2694603,1933840,139,71,176,9,38,71,1,1,0,1,1,1,0,0,0,1,0,0,0
"Avner",BRG Livin La Vida Y0da,651594141,3914532,2468937,1445595,170,50,168,2,27,58,1,1,1,1,1,1,0,0,0,0,0,0,0
"MrsBlueprints",BRG Livin La Vida Y0da,651313237,3325864,2025294,1300570,155,32,120,4,13,50,1,0,0,1,1,1,0,0,0,1,0,0,0
"Col hoss",BRG Livin La Vida Y0da,622368346,2115311,1263802,851509,148,32,83,4,27,42,1,1,1,1,0,0,0,0,0,1,0,0,0
"Djemai Madwookie",BRG Livin La Vida Y0da,615943446,2723092,1598011,1125081,142,47,110,13,36,48,1,1,0,1,1,1,1,0,0,1,0,0,0
"n00by Reaper",BRG Livin La Vida Y0da,597325639,3995627,2412240,1583387,152,39,160,8,21,73,1,1,0,1,1,1,0,0,0,0,0,0,0
"Calyph",BRG Livin La Vida Y0da,588326455,2496203,1404480,1091723,128,29,119,6,15,34,1,0,0,1,1,1,0,0,0,0,0,0,0
"Vaders daddy",BRG Livin La Vida Y0da,585471991,2108957,1284531,824426,155,25,98,2,29,38,1,1,0,0,0,1,0,0,0,0,0,0,0
"Kua Zalgmaar",BRG Livin La Vida Y0da,578511281,2791344,1570488,1220856,128,34,113,11,31,47,1,0,0,1,1,1,0,0,0,1,0,0,0
"Will D",BRG Livin La Vida Y0da,558881743,4337592,2615087,1722505,151,71,180,9,45,83,1,1,1,1,1,1,0,0,0,0,0,0,1
"Qorbin Da'las",BRG Livin La Vida Y0da,557314481,2381587,1350437,1031150,130,36,96,6,33,48,0,1,0,1,0,0,0,0,0,1,0,0,0
"Genesis",BRG Livin La Vida Y0da,521785823,3571623,2098428,1473195,142,29,158,13,39,52,1,1,0,1,1,1,0,0,0,0,1,0,0
"ST2618",BRG Livin La Vida Y0da,514475855,2628610,1460828,1167782,125,22,124,0,12,54,0,0,0,0,1,1,0,0,0,1,0,0,0
"Swiss Taylors",BRG Livin La Vida Y0da,472752876,2776204,1614756,1161448,139,27,132,5,15,38,1,0,0,1,0,1,0,0,0,1,0,0,0
"Fly the Mighty",BRG Livin La Vida Y0da,469853453,4063544,2511085,1552459,161,52,146,16,39,85,1,1,1,1,1,1,0,0,0,1,0,0,0
"Sunshine",BRG Livin La Vida Y0da,465239442,2910799,1719618,1191181,144,40,100,9,23,50,1,1,0,1,0,1,0,0,0,1,0,0,0
"Adjuran",BRG Livin La Vida Y0da,454754726,3120314,1725316,1394998,123,34,143,11,32,51,1,0,0,1,1,1,0,0,0,1,0,0,0
"SMKBlueprints",BRG Livin La Vida Y0da,446175187,3726673,2177725,1548948,140,40,164,9,39,61,1,1,0,1,1,1,0,0,0,0,0,0,0
"Hansolodolo",BRG Livin La Vida Y0da,435757877,3185196,1931755,1253441,154,43,121,13,41,64,1,1,1,1,0,1,1,0,0,0,0,0,0
"Vorok",BRG Livin La Vida Y0da,414553355,2580170,1538536,1041634,147,27,137,9,28,42,1,0,0,1,1,0,0,0,0,0,0,0,0
"Randomnamereturns",BRG Livin La Vida Y0da,399717596,2912146,1770524,1141622,155,48,113,6,37,65,0,0,0,0,0,0,0,0,0,0,0,0,0
"darthbeef88",BRG Livin La Vida Y0da,355193528,3927557,2390062,1537495,155,64,166,7,24,63,1,1,0,1,1,1,0,0,0,0,0,0,0
"Vira Hayes",BRG Livin La Vida Y0da,344489258,3571586,2065788,1505798,137,50,137,11,28,54,0,0,0,1,1,1,1,0,0,0,0,0,0
"Flingus",BRG Livin La Vida Y0da,336481518,3884727,2334067,1550660,150,49,173,7,42,74,1,1,1,1,1,1,0,0,0,1,0,0,0
"ColeWorld",BRG Livin La Vida Y0da,333773867,2086153,1287907,798246,161,43,84,12,35,48,1,1,1,1,1,1,0,0,0,1,0,0,0
"MacGyver",BRG Livin La Vida Y0da,291824784,4449064,2562821,1886243,135,66,181,10,53,93,1,1,1,1,1,1,0,0,0,1,0,0,1
"HEWBRIS",BRG Livin La Vida Y0da,291312774,3065941,1920514,1145427,167,40,125,16,38,55,1,1,1,1,1,1,1,0,0,1,0,0,0
"FishCop",BRG Livin La Vida Y0da,258687846,1995177,1120911,874266,128,26,78,4,22,36,0,0,0,1,1,0,0,0,0,1,0,0,0
"doowhat99",BRG Livin La Vida Y0da,253339379,3616967,2112725,1504242,140,52,150,4,29,67,1,1,1,1,1,1,0,0,0,0,0,0,0
"Checked",BRG Livin La Vida Y0da,249619658,2585087,1559024,1026063,151,41,108,13,33,52,1,1,1,1,1,1,0,0,0,1,0,0,0
"Revenant SubZero",BRG Livin La Vida Y0da,217859353,2255167,1375312,879855,156,31,66,3,20,40,1,0,0,1,1,1,0,0,0,0,0,0,0
"Sever Slates",BRG Laxed Out Pros,992998382,3897269,2215203,1682066,131,62,176,6,26,58,1,1,1,1,1,1,0,0,0,0,0,0,0
"Meetra Surik",BRG Laxed Out Pros,989184811,2927935,1713164,1214771,141,30,133,6,18,48,0,0,0,1,1,1,0,0,0,0,0,0,0
"Plagarian",BRG Laxed Out Pros,974618589,4259255,2531405,1727850,146,61,173,3,22,54,1,0,0,1,1,1,0,0,0,1,0,0,0
"Excrothe",BRG Laxed Out Pros,966199257,3721665,2194996,1526669,143,39,126,7,29,58,0,0,0,1,1,1,0,0,0,1,0,0,0
"Punchface",BRG Laxed Out Pros,958744872,3456054,2056549,1399505,146,57,156,5,31,62,1,1,1,1,1,1,0,0,0,1,0,0,0
"Rezn Freelight",BRG Laxed Out Pros,932881271,1813500,1027945,785555,130,25,65,0,0,45,1,0,0,1,1,1,0,0,0,0,0,0,0
"macgruber",BRG Laxed Out Pros,926518289,4132701,2545878,1586823,160,66,180,4,47,109,1,1,0,1,1,1,0,0,0,0,0,0,0
"Hadriel Jetberg",BRG Laxed Out Pros,911415757,2843306,1648391,1194915,137,31,128,6,22,43,1,0,0,1,1,1,0,0,0,1,0,0,0
"Vergus Deathstalker",BRG Laxed Out Pros,884928659,5669396,3353002,2316394,144,77,223,62,121,144,1,1,1,1,1,1,1,0,0,1,0,1,1
"name",BRG Laxed Out Pros,779262258,2770689,1669980,1100709,151,47,118,8,37,49,0,0,0,1,0,1,0,0,0,1,0,0,0
"His dudeness",BRG Laxed Out Pros,777634761,4177866,2398607,1779259,134,59,171,18,48,88,1,1,1,1,1,1,1,0,0,1,0,0,1
"Oosully",BRG Laxed Out Pros,751153751,3790204,2017674,1772530,113,48,144,8,48,57,0,0,0,1,1,1,0,0,0,1,0,0,1
"Zoltar",BRG Laxed Out Pros,739779589,3004726,1703053,1301673,130,40,110,6,32,65,0,0,0,1,1,1,0,0,0,0,0,0,0
"Yoonho",BRG Laxed Out Pros,729459751,1672249,1067146,605103,176,40,73,9,30,37,1,1,1,1,0,1,0,0,0,0,0,0,0
"LeeJo LeeTre",BRG Laxed Out Pros,713375299,3824798,2212910,1611888,137,42,143,6,32,60,0,0,0,1,1,0,0,0,0,0,0,0,0
"Sleazy E",BRG Laxed Out Pros,695822276,3637080,2270430,1366650,166,58,156,8,50,76,1,1,0,1,1,1,0,0,0,0,0,0,0
"Majarashi",BRG Laxed Out Pros,684794773,3237912,1831488,1406424,130,33,124,4,18,38,0,0,0,0,0,1,0,0,0,1,0,0,0
"Siddar",BRG Laxed Out Pros,681731658,3298198,1804724,1493474,120,40,147,8,27,51,1,0,0,1,1,1,0,0,0,1,0,0,1
"Gender Dysphoria",BRG Laxed Out Pros,666842776,3072116,1833597,1238519,148,35,118,7,21,60,0,0,0,1,1,1,0,0,0,0,0,0,0
"jeremy55",BRG Laxed Out Pros,624169844,2845562,1692253,1153309,146,42,112,8,37,62,1,0,0,1,1,1,0,0,0,0,0,0,0
"Sckfkr",BRG Laxed Out Pros,593992982,5231718,3043651,2188067,139,89,208,15,71,100,1,1,1,1,1,1,0,0,0,1,0,1,1
"Jason",BRG Laxed Out Pros,576549933,4624960,2682221,1942739,138,69,184,10,50,77,0,0,0,1,1,1,0,0,0,1,0,0,1
"Eathix",BRG Laxed Out Pros,573639354,3138456,1753512,1384944,126,55,118,10,28,66,0,0,0,1,1,1,0,0,0,0,0,0,0
"Micahtron",BRG Laxed Out Pros,538511948,3647984,2225936,1422048,156,44,132,8,25,58,1,1,0,1,1,1,0,0,0,0,1,0,0
"YoungTom",BRG Laxed Out Pros,523438467,2980342,1815242,1165100,155,29,119,3,22,50,1,1,1,1,0,1,0,0,0,0,0,0,0
"TheWildKarrde",BRG Laxed Out Pros,522914351,3390257,1988824,1401433,141,46,135,7,24,54,1,0,0,1,1,1,0,0,0,1,0,0,0
"Hondo Dos",BRG Laxed Out Pros,519471129,3792500,2206323,1586177,139,48,154,8,40,69,1,0,0,1,1,1,0,0,0,1,0,0,0
"Ronzool",BRG Laxed Out Pros,498413548,3666395,2147879,1518516,141,40,145,4,19,41,0,0,0,1,0,1,0,0,0,0,0,0,0
"nightstriker",BRG Laxed Out Pros,465717557,2973240,1776317,1196923,148,48,148,7,22,47,1,1,0,1,1,1,0,0,0,1,0,0,0
"Blargwahar",BRG Laxed Out Pros,457797499,2587851,1552380,1035471,149,43,116,7,29,49,0,0,0,1,1,1,1,0,0,0,1,0,0
"Salacious Thumb",BRG Laxed Out Pros,444544452,2260562,1294829,965733,134,17,76,3,7,27,1,0,0,1,1,1,0,0,0,0,0,0,0
"Gavin bull",BRG Laxed Out Pros,388924554,3834288,2233092,1601196,139,48,163,12,48,69,1,1,0,1,1,1,0,0,0,0,0,0,0
"Zeppeli",BRG Laxed Out Pros,381828148,2932063,1880956,1051107,178,33,116,2,9,52,1,1,0,1,1,1,0,0,0,0,1,0,0
"Pippen",BRG Laxed Out Pros,339712919,2936132,1786988,1149144,155,39,117,3,23,48,1,1,1,1,1,1,0,0,0,1,0,0,0
"ArcSaber",BRG Laxed Out Pros,317268588,3121689,1841412,1280277,143,45,144,9,25,66,1,1,1,1,1,1,0,0,0,0,0,0,1
"JasonTheAsian",BRG Laxed Out Pros,316261256,4132887,2485452,1647435,150,50,179,5,58,78,1,1,1,1,0,1,0,0,0,1,0,0,0
"Rezn",BRG Laxed Out Pros,283285294,3370298,1932075,1438223,134,49,129,12,42,75,1,1,1,1,1,1,0,0,0,0,1,0,0
"Blak3oakfield",BRG Laxed Out Pros,277384321,2739589,1840758,898831,204,42,120,11,29,49,1,1,1,1,1,1,0,0,0,0,0,0,0
"Fly Walker",BRG Laxed Out Pros,267456554,3146346,1903645,1242701,153,37,121,8,24,39,1,1,0,0,0,1,0,0,0,0,0,0,0
"keegan",BRG Laxed Out Pros,257973631,2562712,1570129,992583,158,35,119,8,25,50,0,0,0,1,0,0,0,0,0,0,0,0,0
"Berzerk Hobo",BRG Laxed Out Pros,252285491,5218947,3150499,2068448,152,81,199,15,83,123,1,1,1,1,1,1,0,0,0,1,0,0,1
"Willek",BRG Laxed Out Pros,237271654,3615391,2143295,1472096,145,63,153,11,55,80,1,1,1,1,1,1,0,0,0,0,0,0,0
"Will Obi1",BRG Laxed Out Pros,215141515,3633113,2195148,1437965,152,65,133,8,28,60,0,0,0,1,1,1,0,0,0,0,0,0,0
"BrownMan",BRG Laxed Out Pros,181267235,2912105,1813698,1098407,165,50,125,6,40,68,1,1,0,1,1,0,0,0,0,0,0,0,0
"xxcody93xx",BRG Laxed Out Pros,166877999,2861068,1619831,1241237,130,39,117,3,10,58,0,0,0,1,0,1,0,0,0,0,0,0,0
"HansYolo",BRG Laxed Out Pros,143613683,3010701,1718231,1292470,132,53,115,14,50,57,1,0,0,1,0,1,0,0,0,0,0,0,1
"Til",BRG Laxed Out Pros,128919817,3455796,2040783,1415013,144,49,144,10,44,74,1,1,0,1,1,1,0,0,0,0,0,0,0
"ClîtCommander12345",BRG Laxed Out Pros,124661194,3246018,1953969,1292049,151,53,142,4,27,51,1,0,0,1,0,1,0,0,0,0,0,0,0
"KrazyRussianSpy",BRG Mandalorians Inc,996361589,343401,211009,132392,159,0,1,0,0,0,0,0,0,0,0,1,0,0,0,0,0,0,0
"Cbnielse",BRG Mandalorians Inc,992733959,825733,476968,348765,136,2,9,0,0,5,0,0,0,0,1,0,0,0,0,0,0,0,0
"Jbird",BRG Mandalorians Inc,951768939,2613646,1480474,1133172,130,21,114,0,18,38,0,0,0,1,0,1,0,0,0,1,0,0,0
"AndrewtheHutt",BRG Mandalorians Inc,932895421,2903868,1724369,1179499,146,42,107,4,44,65,1,1,0,1,1,1,0,0,0,0,0,0,0
"StarLord",BRG Mandalorians Inc,896239968,2758444,1721464,1036980,166,23,125,0,6,38,0,0,0,1,1,1,0,0,0,0,0,0,0
"Benji",BRG Mandalorians Inc,873945644,3915043,2235751,1679292,133,36,160,5,22,53,1,1,0,1,1,1,0,0,0,0,0,0,0
"RetroRitz",BRG Mandalorians Inc,872386642,2539161,1492866,1046295,142,32,101,7,26,44,0,0,0,1,1,1,0,0,0,0,0,0,0
"Bloopwez",BRG Mandalorians Inc,838917748,4030930,2550824,1480106,172,46,167,7,54,101,1,0,0,1,1,1,0,0,0,0,0,0,0
"Brutalocalypse",BRG Mandalorians Inc,832953584,3157657,1770719,1386938,127,29,141,0,15,29,0,0,0,0,0,1,0,0,0,0,0,0,0
"Fudney",BRG Mandalorians Inc,823898873,272959,178051,94908,187,0,3,0,0,0,0,0,0,0,0,0,0,0,0,0,0,0,0
"istomponjapan",BRG Mandalorians Inc,812714528,3770765,1939482,1831283,105,49,131,6,20,42,0,0,0,0,1,1,0,0,0,0,0,0,0
"jacklesmith5",BRG Mandalorians Inc,778514892,2200389,1369253,831136,164,32,71,3,7,35,1,0,0,1,0,1,0,0,0,0,0,0,0
"Bjones1945",BRG Mandalorians Inc,777868757,1591310,954588,636722,149,4,30,0,3,9,0,0,0,0,0,1,0,0,0,0,0,0,0
"Xarlun Stormrider",BRG Mandalorians Inc,741157213,3265835,1943929,1321906,147,38,143,3,36,54,0,0,0,1,1,1,0,0,0,0,0,0,0
"Cam",BRG Mandalorians Inc,693261393,1226269,779810,446459,174,3,31,2,3,10,0,0,0,0,0,0,0,0,0,0,0,0,0
"Raxis prime",BRG Mandalorians Inc,688726497,2172977,1337914,835063,160,30,96,7,27,42,1,1,1,0,0,1,0,0,0,0,0,0,0
"Darkmaster",BRG Mandalorians Inc,646842212,4070731,2405517,1665214,144,39,181,9,26,65,1,1,0,1,1,1,0,0,0,0,0,0,0
"Shrub R E",BRG Mandalorians Inc,644735319,3265693,1939422,1326271,146,33,160,5,23,52,1,1,0,1,1,1,0,0,0,0,0,0,0
"mychemsg",BRG Mandalorians Inc,637764896,1403145,929977,473168,196,7,59,0,1,30,0,0,0,1,1,1,0,0,0,0,0,0,0
"PLObiKoon",BRG Mandalorians Inc,631358721,1457079,894900,562179,159,14,62,1,14,21,0,1,0,0,0,1,0,0,0,0,0,0,0
"Markooo",BRG Mandalorians Inc,628894437,371516,254132,117384,216,0,16,0,0,5,0,0,0,0,0,0,0,0,0,0,0,0,0
"Epsilon",BRG Mandalorians Inc,624934447,3398829,1999280,1399549,142,51,142,5,25,48,1,1,1,1,1,1,0,0,0,0,0,0,0
"Tevx",BRG Mandalorians Inc,613337736,2389191,1344931,1044260,128,34,105,8,18,35,0,1,0,0,0,1,0,0,0,0,0,0,0
"Rocky94",BRG Mandalorians Inc,612994668,2582230,1608651,973579,165,26,113,1,10,42,1,1,0,1,1,1,0,0,0,0,0,0,0
"Cweneldic",BRG Mandalorians Inc,591287488,3267739,1967285,1300454,151,44,129,6,33,61,1,1,1,1,1,1,0,0,0,0,0,0,0
"BigBoiBeth",BRG Mandalorians Inc,584419827,225763,156522,69241,226,0,1,0,0,0,0,0,0,0,0,0,0,0,0,0,0,0,0
"Rednaxela",BRG Mandalorians Inc,573577796,2446920,1504435,942485,159,28,70,2,11,39,1,1,0,0,0,1,0,0,0,0,0,0,0
"Tharan",BRG Mandalorians Inc,543856244,1907443,1141824,765619,149,9,68,2,6,14,1,0,0,1,1,1,0,0,0,0,0,0,0
"Bubwez",BRG Mandalorians Inc,522733527,1894507,1157071,737436,156,21,54,4,15,22,1,0,0,1,1,1,0,0,0,0,0,0,0
"Drayzo",BRG Mandalorians Inc,518883755,1133233,533931,599302,89,7,39,5,9,16,0,0,0,0,0,1,0,0,0,0,0,0,0
"Tucker Graham",BRG Mandalorians Inc,512647598,3796157,2262531,1533626,147,61,164,5,34,62,1,0,0,1,0,1,0,0,0,0,0,0,0
"Mol Eliza",BRG Mandalorians Inc,496765672,125582,82166,43416,189,0,0,0,0,0,0,0,0,0,0,0,0,0,0,0,0,0,0
"Shadowfallen",BRG Mandalorians Inc,495679948,915378,553631,361747,153,3,39,0,1,9,0,0,0,0,0,1,0,0,0,0,0,0,0
"EventHorizon",BRG Mandalorians Inc,485379259,1466708,929840,536868,173,11,48,0,11,21,0,0,0,0,1,1,0,0,0,0,0,0,0
"HanoverFiste01",BRG Mandalorians Inc,483719744,2599246,1578035,1021211,154,23,96,0,14,31,1,0,0,0,0,1,0,0,0,0,0,0,0
"MagicMike93",BRG Mandalorians Inc,439428128,3719550,2294832,1424718,161,54,137,5,29,51,0,0,0,1,1,1,0,0,0,0,0,0,0
"Drewshbag",BRG Mandalorians Inc,434118283,3071404,1765920,1305484,135,30,135,3,14,34,1,1,1,1,1,1,0,0,0,0,0,0,0
"EarthFlyer",BRG Mandalorians Inc,428442281,2037591,1245932,791659,157,26,88,2,12,28,1,1,0,1,0,1,0,0,0,0,0,0,0
"Snickity",BRG Mandalorians Inc,359278896,1243647,797242,446405,178,8,53,0,10,19,0,0,0,0,0,0,0,0,0,0,0,0,0
"Ifida Known aka KB",BRG Mandalorians Inc,337887936,1622551,1029281,593270,173,25,59,5,9,25,1,0,0,1,1,1,0,0,0,0,0,0,0
"Funky 1",BRG Mandalorians Inc,291478349,586327,416761,169566,245,5,16,0,0,3,0,0,0,0,0,0,0,0,0,0,0,0,0
"kit",BRG Mandalorians Inc,267725222,1327454,757376,570078,132,8,40,1,5,18,0,0,0,0,0,1,0,0,0,0,0,0,0
"Giarny",BRG Mandalorians Inc,266292125,301751,225709,76042,296,0,7,0,0,5,0,0,0,0,0,0,0,0,0,0,0,0,0
"BG535",BRG Mandalorians Inc,228789139,1792677,1113497,679180,163,16,67,2,10,31,0,0,0,1,1,0,0,0,0,0,0,0,0
"Zomar",BRG Mandalorians Inc,222138723,2842049,1757895,1084154,162,16,113,8,32,51,1,1,0,1,1,1,0,0,0,0,0,0,0
"Fallacy",BRG Mandalorians Inc,217358889,2675191,1529166,1146025,133,41,122,6,18,47,1,1,0,0,1,1,0,0,0,0,0,0,0
"jerico ct",BRG Mandalorians Inc,181455861,1656188,1119237,536951,208,6,48,0,6,20,1,1,0,0,0,0,0,0,0,0,0,0,0
"Lepper Mesiah",BRG Mandalorians Inc,164495314,2138385,1439285,699100,205,14,62,2,5,32,0,0,0,1,0,1,0,0,0,0,0,0,0
"Abe",BRG Mandalorians Inc,162251947,3990304,2347669,1642635,142,71,164,6,37,77,1,1,1,1,1,1,0,0,0,0,0,0,0
"Ragnarock",BRG Mandalorians Inc,138462562,3883417,2431937,1451480,167,49,159,4,34,68,1,0,0,1,1,1,0,0,0,0,0,0,0
"Twinarch ODB",BRG KNIGHTS Of OZZERG,965526773,5158254,3110327,2047927,151,85,194,24,77,117,1,1,1,1,1,1,1,0,0,0,1,0,0
"Zaljko Petrescu",BRG KNIGHTS Of OZZERG,947994584,4473479,2647549,1825930,144,81,168,21,62,101,1,1,0,1,1,1,1,0,0,1,0,0,0
"Samu0106",BRG KNIGHTS Of OZZERG,943784655,3792264,2266280,1525984,148,67,174,11,53,87,1,1,1,1,1,1,0,0,0,0,0,0,0
"Tommyu",BRG KNIGHTS Of OZZERG,939289757,3658283,2122167,1536116,138,52,161,8,43,70,1,1,1,1,1,1,0,0,0,1,0,0,1
"Shwaggs",BRG KNIGHTS Of OZZERG,922173269,4636307,2686111,1950196,137,74,168,10,55,89,1,1,1,1,1,1,1,0,0,1,0,0,1
"Cochese",BRG KNIGHTS Of OZZERG,898951424,4564756,2820628,1744128,161,78,179,15,68,115,1,1,1,1,1,1,1,0,0,0,0,0,1
"ꂦʐʐ182",BRG KNIGHTS Of OZZERG,868596782,4780327,2755770,2024557,136,83,178,11,80,109,1,1,1,1,1,1,0,0,0,1,0,0,1
"Jdstrauch",BRG KNIGHTS Of OZZERG,856234351,4935331,2934588,2000743,146,84,206,19,79,118,1,1,1,1,1,1,1,0,0,1,0,1,1
"Rylk Darte",BRG KNIGHTS Of OZZERG,856146496,3532970,2136170,1396800,152,50,185,7,59,78,1,1,1,1,1,1,0,0,0,1,0,0,0
"Dom Hardy",BRG KNIGHTS Of OZZERG,848747222,4517146,2758407,1758739,156,85,164,19,60,106,1,1,1,1,1,1,1,0,0,0,0,0,1
"Adene",BRG KNIGHTS Of OZZERG,822824147,4047801,2500740,1547061,161,62,165,12,40,75,1,1,0,1,1,1,0,0,0,1,0,0,0
"GillDameron",BRG KNIGHTS Of OZZERG,815193777,5145162,3039202,2105960,144,82,208,18,74,114,1,1,1,1,1,1,1,0,0,1,0,1,1
"Will Jones",BRG KNIGHTS Of OZZERG,781131545,4118580,2310352,1808228,127,59,158,28,56,72,1,1,1,1,1,1,1,0,0,1,0,0,1
"KTTT",BRG KNIGHTS Of OZZERG,774562812,4872680,2920426,1952254,149,72,187,10,58,97,1,1,1,1,1,1,0,0,0,1,0,0,1
"Kamahl",BRG KNIGHTS Of OZZERG,763836811,4213204,2578388,1634816,157,66,173,16,57,102,1,1,0,1,1,1,0,0,0,0,0,0,0
"Mikazuki",BRG KNIGHTS Of OZZERG,749542516,4993821,2979028,2014793,147,53,209,6,51,105,1,1,1,1,1,1,0,0,0,1,0,0,1
"Ren Gundo",BRG KNIGHTS Of OZZERG,686223479,5025741,2990731,2035010,146,81,190,11,54,109,1,1,0,1,1,1,0,0,0,1,0,0,1
"Zynix",BRG KNIGHTS Of OZZERG,675754989,5819741,3492815,2326926,150,94,224,40,101,139,1,1,1,1,1,1,1,0,0,1,0,1,1
"Acesoka",BRG KNIGHTS Of OZZERG,668136538,4843339,2872842,1970497,145,71,191,11,74,106,1,1,0,1,1,1,0,0,0,1,0,0,1
"Weazle",BRG KNIGHTS Of OZZERG,667846528,4963861,3040741,1923120,158,73,184,12,58,114,1,1,1,1,1,1,0,0,0,1,0,0,0
"Grs",BRG KNIGHTS Of OZZERG,639546663,5270830,3151113,2119717,148,92,205,27,97,127,1,1,1,1,1,1,1,0,0,1,0,1,1
"Prins E",BRG KNIGHTS Of OZZERG,628119934,3257678,1876727,1380951,135,45,132,15,34,64,1,1,1,1,1,1,0,0,0,1,0,0,0
"Brill Adrien",BRG KNIGHTS Of OZZERG,598996171,4688160,2893460,1794700,161,83,189,14,63,110,1,1,1,1,1,1,0,0,0,1,1,0,0
"theChad",BRG KNIGHTS Of OZZERG,562927238,4181458,2484765,1696693,146,78,160,17,70,97,1,1,1,1,1,1,1,0,0,0,1,0,0
"Nikos",BRG KNIGHTS Of OZZERG,557479342,4470233,2780569,1689664,164,74,179,12,78,122,1,0,0,1,1,1,0,0,0,0,0,0,0
"Aza",BRG KNIGHTS Of OZZERG,534155882,4761939,2889724,1872215,154,84,180,20,80,126,1,1,1,1,1,1,1,0,0,1,0,0,1
"RoboTron",BRG KNIGHTS Of OZZERG,529316278,4619385,2679790,1939595,138,70,203,17,45,92,1,1,1,1,1,1,0,0,0,1,0,1,0
"Janghis Apes",BRG KNIGHTS Of OZZERG,463328747,4981243,3019727,1961516,153,88,206,17,86,114,1,1,1,1,1,1,0,0,0,1,0,0,0
"Atlantis",BRG KNIGHTS Of OZZERG,442134813,4502340,2611193,1891147,138,69,187,10,41,105,1,1,1,1,1,1,0,0,0,1,0,0,1
"Pickers",BRG KNIGHTS Of OZZERG,427342986,4187022,2565626,1621396,158,79,175,14,72,100,1,1,1,1,1,1,0,0,0,0,1,0,0
"Michael Vun",BRG KNIGHTS Of OZZERG,389697329,4977643,2960403,2017240,146,83,191,21,81,119,1,1,1,1,1,1,1,0,0,1,0,0,1
"TK2618",BRG KNIGHTS Of OZZERG,375869453,4319008,2516978,1802030,139,64,182,6,46,105,0,0,0,1,1,1,1,0,0,1,0,0,0
"Barduke",BRG KNIGHTS Of OZZERG,362536172,4865040,2891677,1973363,146,89,188,23,69,109,1,1,1,1,1,1,1,0,0,1,0,0,1
"Val",BRG KNIGHTS Of OZZERG,351242448,3889707,2170777,1718930,126,51,182,9,30,58,1,1,1,1,1,1,0,0,0,1,0,0,1
"Split trumpet",BRG KNIGHTS Of OZZERG,348867734,5098788,3013090,2085698,144,81,215,23,70,114,1,1,1,1,1,1,1,0,0,0,1,1,1
"Terry",BRG KNIGHTS Of OZZERG,328127151,5056050,3019634,2036416,148,82,202,16,59,111,1,1,1,1,1,1,0,0,0,0,0,0,1
"Jmax",BRG KNIGHTS Of OZZERG,297743859,4606487,2710740,1895747,142,67,184,16,69,96,1,1,1,1,1,1,0,0,0,1,0,0,0
"barneszo",BRG KNIGHTS Of OZZERG,297316299,4137885,2509811,1628074,154,80,150,23,81,93,1,1,1,1,1,1,1,0,0,1,0,0,1
"Hunt08uk",BRG KNIGHTS Of OZZERG,287966564,5092549,2998156,2094393,143,40,216,15,64,93,1,1,0,1,1,1,0,0,0,1,0,1,1
"Rhil Margos",BRG KNIGHTS Of OZZERG,285833671,4340534,2697053,1643481,164,81,173,19,71,112,1,1,1,1,1,1,0,0,0,1,0,0,0
"BoboFett",BRG KNIGHTS Of OZZERG,276174116,4237943,2453969,1783974,137,71,156,17,56,84,1,1,0,1,1,1,1,0,0,0,1,0,1
"Woode Sh",BRG KNIGHTS Of OZZERG,275969965,4936542,2928556,2007986,145,76,205,20,60,101,1,1,0,1,1,1,1,0,0,1,0,0,1
"Vos Norudu",BRG KNIGHTS Of OZZERG,274319852,4295253,2538150,1757103,144,64,173,17,58,80,1,1,1,1,1,1,0,0,0,1,0,0,0
"Kamikaze",BRG KNIGHTS Of OZZERG,273232245,4507946,2487603,2020343,123,90,175,7,94,98,0,0,0,1,1,1,0,0,0,1,0,0,1
"Bini",BRG KNIGHTS Of OZZERG,264375231,4413972,2568907,1845065,139,78,168,11,76,99,1,1,1,1,1,1,0,0,0,1,0,0,0
"Darkwing",BRG KNIGHTS Of OZZERG,261462918,4418282,2514175,1904107,132,62,169,12,48,89,1,1,0,1,1,1,0,0,0,1,0,0,0
"Bugzee's chicken curry",BRG KNIGHTS Of OZZERG,256313365,4630647,2695870,1934777,139,81,197,8,64,103,1,1,0,1,1,1,0,0,0,1,0,1,1
"Jek Porkins",BRG KNIGHTS Of OZZERG,227889174,4598025,2728074,1869951,145,79,185,8,53,95,1,1,0,1,1,1,0,0,0,1,0,0,1
"DarthRellik",BRG KNIGHTS Of OZZERG,182555842,4254676,2486535,1768141,140,65,182,5,44,74,1,1,1,1,1,1,0,0,0,1,0,0,0
"Mr Bungle",BRG KNIGHTS Of OZZERG,181456818,4924423,2960202,1964221,150,77,195,21,78,113,1,1,1,1,1,1,1,0,0,0,1,0,1
"Cherno",BRG Improbability of Porgs,986843228,6354820,3940181,2414639,163,112,228,91,156,176,1,1,1,1,1,1,1,1,0,1,0,1,1
"Moridin",BRG Improbability of Porgs,971734479,3778939,2319716,1459223,158,72,163,14,54,87,1,1,1,1,1,1,1,0,0,1,0,0,0
"Gorgonzoloff",BRG Improbability of Porgs,958541997,4817397,2908961,1908436,152,81,197,12,94,116,1,1,0,1,1,1,0,0,0,0,0,0,0
"Indura",BRG Improbability of Porgs,951746982,3907238,2326805,1580433,147,57,166,9,37,54,0,0,0,0,0,1,0,0,0,1,0,0,0
"Inferno",BRG Improbability of Porgs,937794531,2926758,1831165,1095593,167,51,124,7,40,69,1,1,1,1,1,1,0,0,0,0,1,0,0
"GratefulDude",BRG Improbability of Porgs,925654896,4005785,2544986,1460799,174,75,156,9,46,84,1,1,1,1,1,1,0,0,0,0,0,0,0
"ShamiPemas7035discord",BRG Improbability of Porgs,891761396,4202772,2633213,1569559,167,72,182,14,70,102,1,1,1,1,1,1,0,0,0,0,0,0,0
"KingRobb",BRG Improbability of Porgs,879131839,4162570,2359804,1802766,130,64,156,16,50,79,1,1,1,1,1,1,0,0,0,1,0,0,1
"Dread Pirate Roberts",BRG Improbability of Porgs,862355197,5306679,3134707,2171972,144,85,214,7,60,111,1,1,1,1,1,1,0,0,0,1,0,1,1
"AnonymousRand",BRG Improbability of Porgs,823621326,1318023,709132,608891,116,12,39,2,3,19,0,0,0,0,0,0,0,0,0,1,0,0,0
"crackercrew2222",BRG Improbability of Porgs,823419176,3130280,1825066,1305214,139,43,148,3,19,48,1,0,0,1,1,1,0,0,0,0,1,0,0
"Spork",BRG Improbability of Porgs,818596548,5374345,3175440,2198905,144,85,219,16,75,109,1,1,1,1,1,1,1,0,0,1,0,1,1
"ClaudioVernight",BRG Improbability of Porgs,796552873,5136722,3056742,2079980,146,85,216,7,58,96,1,1,0,1,1,1,0,0,0,1,0,0,1
"Nerve Gas",BRG Improbability of Porgs,787571874,5047084,2983704,2063380,144,85,200,6,58,114,1,1,0,1,0,1,0,0,0,1,0,0,1
"BrianAuto1992",BRG Improbability of Porgs,771316452,5255774,3120433,2135341,146,84,208,20,62,111,1,1,1,1,1,1,1,0,0,1,0,1,1
"Nowanknowz",BRG Improbability of Porgs,742568793,3152909,1890520,1262389,149,30,129,6,27,51,1,0,0,1,1,1,0,0,0,0,0,0,0
"leinad",BRG Improbability of Porgs,724493144,3317560,2084689,1232871,169,56,134,9,33,63,1,1,0,1,1,1,0,0,0,0,0,0,0
"Gonzo d'great",BRG Improbability of Porgs,696689127,4371731,2569552,1802179,142,69,187,12,43,83,1,1,1,1,1,1,1,0,0,1,0,0,1
"Boseephuss",BRG Improbability of Porgs,678678686,5016097,2966796,2049301,144,84,204,19,79,122,1,1,1,1,1,1,1,0,0,1,0,0,1
"Yodizzle",BRG Improbability of Porgs,611122258,4137636,2448253,1689383,144,72,168,8,48,101,1,1,0,1,1,1,0,0,0,1,0,0,0
"Krava Krave",BRG Improbability of Porgs,574876354,2998185,1846941,1151244,160,38,138,5,20,43,1,1,1,1,1,1,0,0,0,0,1,0,0
"Andrew",BRG Improbability of Porgs,568458516,3176300,2020736,1155564,174,28,135,2,40,47,1,0,0,1,0,1,0,0,0,1,0,0,0
"ShadyT",BRG Improbability of Porgs,558572552,3216850,1867949,1348901,138,47,146,11,34,53,1,1,0,1,1,1,0,0,0,1,0,0,1
"jraenar discord 4239",BRG Improbability of Porgs,553542167,5553728,3284470,2269258,144,91,222,25,95,133,1,1,1,1,1,1,1,0,0,1,0,1,1
"Chef",BRG Improbability of Porgs,528421884,3821505,2347186,1474319,159,40,150,12,35,71,0,0,0,1,0,1,0,0,0,0,0,0,0
"Hammered77",BRG Improbability of Porgs,517315251,4189929,2423365,1766564,137,73,178,8,48,95,1,1,1,1,1,1,0,0,0,1,0,0,1
"LyannaStark",BRG Improbability of Porgs,487753558,3972771,2482879,1489892,166,61,160,14,57,83,0,0,0,0,0,1,0,0,0,0,0,0,0
"wild man",BRG Improbability of Porgs,468817459,5613372,3346295,2267077,147,99,221,33,113,157,1,1,1,1,1,1,1,0,0,1,0,1,1
"DarthBurger",BRG Improbability of Porgs,463715486,2892735,1757407,1135328,154,51,139,4,30,58,1,1,0,0,1,0,0,0,0,1,0,0,0
"Yodan Hodaka",BRG Improbability of Porgs,416881399,4935856,2921754,2014102,145,86,190,9,68,117,1,1,1,1,1,1,0,0,0,1,0,1,1
"Hadriel Jetberg",BRG Improbability of Porgs,388431689,5420222,3231877,2188345,147,86,220,38,100,133,1,1,1,1,1,1,1,0,0,1,0,1,1
"Retep Wader",BRG Improbability of Porgs,379968246,3876103,2419947,1456156,166,60,169,5,27,69,1,0,0,0,0,1,0,0,0,0,0,0,0
"Unclad",BRG Improbability of Porgs,372639244,5138799,3000232,2138567,140,89,220,21,55,111,1,1,1,1,1,1,1,0,0,1,0,1,1
"Irina",BRG Improbability of Porgs,343425637,5215259,3106989,2108270,147,85,214,23,77,114,1,1,1,1,1,1,1,0,0,1,0,1,1
"GrumpyPudding",BRG Improbability of Porgs,334643198,2014840,1213555,801285,151,6,90,5,11,44,0,0,0,0,0,0,0,0,0,1,0,0,0
"NuMex",BRG Improbability of Porgs,331898292,5057841,2966807,2091034,141,83,213,5,91,126,1,1,1,1,1,1,0,0,0,1,0,1,1
"Blinkcopter",BRG Improbability of Porgs,322267458,2410226,1427714,982512,145,19,113,5,12,43,1,0,0,1,1,1,0,0,0,0,1,0,0
"crackerjack2222",BRG Improbability of Porgs,288445321,2787386,1621652,1165734,139,35,127,5,23,39,1,1,0,1,1,0,0,0,0,1,0,0,0
"Syzagy",BRG Improbability of Porgs,285391516,3932356,2394064,1538292,155,49,175,5,37,73,1,1,1,1,1,1,0,0,0,1,0,0,0
"Goroman",BRG Improbability of Porgs,272144952,4815817,2904277,1911540,151,88,185,20,68,110,1,1,1,1,1,1,0,0,0,0,1,0,0
"Rhaegar Targaryen",BRG Improbability of Porgs,267334162,4775064,2927003,1848061,158,84,195,18,81,115,1,1,1,1,1,1,0,0,0,0,0,0,1
"Ron Burgundy",BRG Improbability of Porgs,262387629,4995659,3077582,1918077,160,82,197,21,75,135,1,1,1,1,1,1,0,0,0,1,1,0,0
"Ewokalypse",BRG Improbability of Porgs,246229247,5177569,3110939,2066630,150,67,216,16,78,124,1,1,1,1,1,1,0,0,0,1,0,1,1
"Apollo",BRG Improbability of Porgs,239418337,3654118,2204455,1449663,152,51,159,8,39,75,1,1,1,1,1,1,0,0,0,1,0,0,0
"Tillerbug",BRG Improbability of Porgs,229492436,3798709,2329525,1469184,158,67,167,2,41,82,1,0,0,1,1,1,0,0,0,1,0,0,0
"Doczilla",BRG Improbability of Porgs,182413825,4410868,2715672,1695196,160,60,188,23,69,92,1,1,1,1,1,1,1,0,0,1,0,0,0
"CynEye",BRG Improbability of Porgs,162869843,4733265,2917894,1815371,160,74,194,7,76,107,0,1,0,1,1,1,0,0,0,1,0,0,0
"Killjoy",BRG Improbability of Porgs,139767332,4947106,2902677,2044429,141,79,202,10,91,116,1,1,0,1,1,1,0,0,0,1,0,0,1
"ShadowHawk",BRG Improbability of Porgs,122655688,4305082,2511311,1793771,140,60,185,3,22,52,1,0,0,1,1,1,0,0,0,1,0,0,1
"BrssMnky",BRG Improbability of Porgs,117744233,4975422,2976853,1998569,148,80,194,16,72,110,1,1,1,1,1,1,1,0,0,1,0,0,1
"KaptainKush69",BRG Sent By Ravens,985473824,3285542,2009910,1275632,157,51,123,10,32,62,1,0,0,1,1,1,0,0,0,0,0,0,0
"Tiric Thorn",BRG Sent By Ravens,984825841,3559399,2002182,1557217,128,47,167,2,33,58,1,1,1,1,1,1,0,0,0,1,0,0,0
"Drew Grruminator78",BRG Sent By Ravens,949899829,4251738,2693543,1558195,172,78,184,5,58,106,1,1,0,1,1,1,0,0,0,1,0,0,0
"rebelknight",BRG Sent By Ravens,938148977,4602327,2838787,1763540,160,70,187,14,58,98,1,1,1,1,1,1,0,0,0,0,0,0,0
"MolKellyJr",BRG Sent By Ravens,929187591,4242898,2471809,1771089,139,70,176,6,26,80,1,1,1,1,1,1,0,0,0,1,0,0,1
"Belgarris",BRG Sent By Ravens,922121923,3416897,1987198,1429699,138,45,153,4,46,76,1,0,0,1,1,1,0,0,0,1,0,0,0
"Rhaenys Targaryen",BRG Sent By Ravens,899322955,3077468,1811138,1266330,143,42,129,10,28,62,1,1,1,1,1,1,0,0,0,1,0,0,0
"Leebo",BRG Sent By Ravens,898914357,3153195,1851893,1301302,142,46,159,10,32,54,1,0,0,1,1,1,0,0,0,0,0,0,0
"Unreal Killer",BRG Sent By Ravens,889983194,4297759,2554136,1743623,146,47,186,9,48,97,1,1,0,1,1,1,0,0,0,1,0,0,1
"Skum Bucket 666",BRG Sent By Ravens,887982639,3961460,2278209,1683251,135,58,151,2,37,77,1,0,0,1,1,1,0,0,0,1,0,0,0
"MrsKenobi76",BRG Sent By Ravens,864594833,3162903,1893061,1269842,149,38,134,2,16,51,1,0,0,1,0,1,0,0,0,1,0,0,0
"ObiWanWasabi",BRG Sent By Ravens,831946982,2820785,1814741,1006044,180,49,126,3,25,48,1,1,0,1,1,1,0,0,0,0,0,0,0
"Miyagi",BRG Sent By Ravens,826198966,4048147,2529570,1518577,166,43,181,6,28,73,1,1,1,1,1,1,0,0,0,1,0,0,0
"Ghana",BRG Sent By Ravens,824222598,2964821,1776140,1188681,149,44,128,4,21,53,1,1,0,1,0,1,0,0,0,0,0,0,0
"Squint Malfoy",BRG Sent By Ravens,822889293,4031646,2513638,1518008,165,66,147,6,56,88,1,1,1,1,1,1,0,0,0,0,0,0,0
"Beast668",BRG Sent By Ravens,822425372,2789709,1752873,1036836,169,43,116,6,18,46,1,1,1,1,1,1,0,0,0,0,0,0,0
"Amarynn",BRG Sent By Ravens,742343918,1632985,1078208,554777,194,30,76,2,17,29,0,0,0,1,0,1,0,0,0,0,0,0,0
"Hunna",BRG Sent By Ravens,742174227,2967627,1740665,1226962,141,32,117,2,24,52,0,0,0,1,0,1,0,0,0,1,0,0,0
"ChrisASundayFire",BRG Sent By Ravens,739838215,4000122,2362394,1637728,144,64,161,9,41,78,1,1,1,1,1,1,0,0,0,1,0,0,1
"Diaxus De'ath",BRG Sent By Ravens,736677975,4100772,2479602,1621170,152,71,159,4,32,70,1,1,0,1,1,1,0,0,0,1,0,0,0
"Elamine",BRG Sent By Ravens,694279473,1634621,1063447,571174,186,32,75,0,25,32,0,0,0,0,0,1,0,0,0,0,1,0,0
"Sebi",BRG Sent By Ravens,692425761,3343495,1987605,1355890,146,56,157,14,58,71,1,1,1,1,1,1,0,0,0,1,0,0,0
"RiotKnuckles",BRG Sent By Ravens,676862261,3918275,2425536,1492739,162,55,161,6,44,67,1,0,0,1,1,1,0,0,0,1,0,0,0
"Abtmr",BRG Sent By Ravens,648818722,4390547,2572384,1818163,141,69,193,9,72,98,1,1,1,1,1,1,0,0,0,1,0,0,1
"Rick Sher Wood",BRG Sent By Ravens,635327491,4105061,2408528,1696533,141,56,177,7,50,69,1,0,0,1,1,1,0,0,0,1,0,0,0
"singularcorey",BRG Sent By Ravens,615335225,3794798,2447684,1347114,181,72,149,11,48,71,1,1,1,1,1,1,0,0,0,0,0,0,0
"Bail Writte SBR",BRG Sent By Ravens,614917386,4026261,2437074,1589187,153,66,163,11,58,99,1,1,1,1,1,1,1,0,0,1,0,0,1
"Psy'cho Pen'guin",BRG Sent By Ravens,596597373,3822051,2276746,1545305,147,21,158,4,13,49,1,0,0,1,1,1,0,0,0,1,0,0,0
"Hondo",BRG Sent By Ravens,578995511,4249793,2621071,1628722,160,58,193,9,49,76,1,1,0,1,1,1,0,0,0,1,0,0,1
"Wookieepedia",BRG Sent By Ravens,567924447,3281771,1925207,1356564,141,56,125,5,37,65,1,1,0,1,1,1,0,0,0,1,0,0,0
"NobleRonin",BRG Sent By Ravens,548651511,4592575,2685124,1907451,140,72,201,6,31,100,1,1,0,1,1,1,0,0,0,1,0,0,1
"rebelknight2",BRG Sent By Ravens,544936354,2336425,1419044,917381,154,41,92,9,25,37,1,1,0,1,0,1,0,0,0,0,0,0,0
"Dread2U",BRG Sent By Ravens,541351528,4164213,2468423,1695790,145,67,170,8,55,83,0,1,0,1,1,1,0,0,0,0,0,0,1
"Apollo Artesian",BRG Sent By Ravens,464881621,4799714,2845120,1954594,145,72,203,2,23,91,1,1,0,1,1,1,0,0,0,1,0,1,1
"jeanjaquemundo",BRG Sent By Ravens,425977249,3732106,2262870,1469236,154,57,155,7,44,76,1,1,0,1,1,1,0,0,0,1,0,0,0
"FilthyFrogDog",BRG Sent By Ravens,422739188,3699094,2377119,1321975,179,59,159,7,43,72,1,1,1,1,1,1,0,0,0,0,0,0,0
"Re1apse",BRG Sent By Ravens,393959856,3833393,2316242,1517151,152,58,146,8,48,69,1,1,0,1,0,1,0,0,0,1,0,0,0
"RiRi",BRG Sent By Ravens,382721913,3727925,2271966,1455959,156,81,154,10,58,85,1,0,0,1,0,1,0,0,0,0,1,0,0
"TopGunMav69",BRG Sent By Ravens,361782775,4040773,2507528,1533245,163,45,186,5,23,62,1,1,0,1,1,1,0,0,0,1,0,0,0
"Judah Slasher",BRG Sent By Ravens,349292337,3959248,2393078,1566170,152,60,143,21,60,82,1,1,1,1,1,1,1,0,0,1,0,0,1
"Hanbacca",BRG Sent By Ravens,255372281,3922979,2348400,1574579,149,51,156,16,52,85,1,1,1,1,1,1,0,0,0,0,0,0,0
"Niccodemus",BRG Sent By Ravens,242553462,3410998,2020664,1390334,145,56,145,9,25,61,1,1,0,1,1,1,0,0,0,0,1,0,0
"ObiJuanKenobi",BRG Sent By Ravens,212565654,3124102,1909616,1214486,157,51,149,2,15,56,1,1,1,1,1,1,0,0,0,1,0,0,0
"Llan Beris",BRG Sent By Ravens,211466967,3968090,2253018,1715072,131,58,143,10,39,60,0,0,0,1,1,1,0,0,0,0,0,0,0
"xSAOxSurvivorx",BRG Sent By Ravens,198417961,3773232,2306407,1466825,157,60,179,6,36,67,1,1,1,1,1,1,0,0,0,0,1,0,0
"JesterProphet",BRG Sent By Ravens,187641657,4660044,2743561,1916483,143,68,178,16,48,92,1,1,1,1,1,1,1,0,0,1,0,0,1
"lim",BRG Sent By Ravens,182423932,3208642,1870195,1338447,139,39,149,3,27,59,1,1,1,1,1,1,0,0,0,0,0,0,1
"UOPsouthpaw",BRG Sent By Ravens,146131687,4229265,2434809,1794456,135,68,149,7,30,80,0,0,0,1,1,1,0,0,0,1,0,0,0
"DesiLu",BRG Sent By Ravens,142853362,2978732,1812674,1166058,155,41,123,8,47,63,1,0,0,1,0,1,0,0,0,1,0,0,0
"Baleout",BRG Sent By Ravens,141812836,3342197,1957681,1384516,141,39,147,4,16,50,0,0,0,1,1,1,0,0,0,1,0,0,0
"APlayerNamedGus",BRG Space Dragons,273126953,2746864,1720208,1026656,167,47,101,10,27,55,1,1,1,1,1,1,0,0,0,0,0,0,0
"Chuds",BRG Space Dragons,256599284,2966937,1694171,1272766,133,32,116,8,24,45,0,0,0,1,1,1,0,0,0,0,0,0,0
"Green Manalishi",BRG Space Dragons,232666641,3848897,2362937,1485960,159,74,141,9,50,69,1,0,0,1,0,1,0,0,0,0,0,0,0
"Kaspa",BRG Space Dragons,217422451,4669758,2773927,1895831,146,61,197,1,40,98,0,0,0,1,1,1,0,0,0,0,0,0,1
"Luckyycharm",BRG Space Dragons,182375575,2434492,1543495,890997,173,41,89,11,26,49,0,0,0,1,1,1,0,0,0,0,0,0,0
"BullzeyeBilly",BRG Space Dragons,174111426,4605553,2717062,1888491,143,51,176,6,26,75,0,0,0,1,1,1,0,0,0,0,0,1,1
"dferb",BRG Space Dragons,146328566,2595203,1490280,1104923,134,24,71,4,21,39,0,0,0,1,0,1,0,0,0,0,0,0,0
"GrandeKron85",BRG Space Dragons,144768489,3688080,2158684,1529396,141,45,156,2,25,53,0,0,0,1,1,1,0,0,0,0,0,0,0
"Dar Solman",BRG Space Dragons,141615132,3412501,1993092,1419409,140,50,116,4,21,72,0,0,0,1,1,1,0,0,0,0,0,0,0
"Nebula",BRG Space Dragons,111138531,2441588,1523189,918399,165,49,89,5,35,50,0,0,0,1,1,1,0,0,0,0,0,0,0
"Green Garoo",BRG Space Dragons,973416345,3999890,2427957,1571933,154,49,164,4,37,63,0,0,0,1,0,1,0,0,0,0,0,0,0
"Dixz",BRG Space Dragons,968575939,3587940,2025274,1562666,129,61,148,13,55,66,0,0,0,1,0,0,0,0,0,0,0,0,0
"Bex",BRG Space Dragons,968556754,2941677,1613645,1328032,121,32,117,6,20,38,0,0,0,0,0,1,0,0,0,0,0,0,0
"Ttekcah Semaj",BRG Space Dragons,966188221,2634486,1589292,1045194,152,23,121,3,14,38,1,1,0,1,0,1,0,0,0,0,0,0,0
"RobMaul226",BRG Space Dragons,964183179,4263653,2622967,1640686,159,72,166,4,41,78,1,1,0,1,1,1,0,0,0,0,0,0,0
"Vagabond12",BRG Space Dragons,957436722,3735663,2239422,1496241,149,46,161,3,24,69,1,0,0,1,1,1,0,0,0,0,0,0,0
"Gornaq",BRG Space Dragons,929861986,1795990,1028672,767318,134,6,82,1,7,24,0,0,0,1,1,1,0,0,0,0,0,0,0
"Ozzie Olin",BRG Space Dragons,928464636,2874936,1695920,1179016,143,42,90,6,18,34,1,1,1,0,0,1,0,0,0,0,0,0,0
"docMorbius",BRG Space Dragons,918771616,4405200,2637695,1767505,149,78,205,11,65,94,1,1,1,1,1,1,0,0,0,0,0,0,1
"TP",BRG Space Dragons,893647684,3605587,2315014,1290573,179,64,152,6,49,80,1,1,0,1,1,1,0,0,0,0,0,0,0
"Sinlo",BRG Space Dragons,843356217,3706128,2053826,1652302,124,55,140,6,38,67,0,0,0,1,1,1,0,0,0,0,0,0,0
"Tumnus",BRG Space Dragons,841168558,3127722,1952559,1175163,166,45,146,3,25,44,1,0,0,1,0,1,0,0,0,0,0,0,0
"Krejo Brosh",BRG Space Dragons,831264412,3512868,2071928,1440940,143,56,153,5,29,55,0,0,0,1,1,1,0,0,0,0,0,0,0
"The Senate",BRG Space Dragons,829637175,3087603,1799515,1288088,139,40,127,4,21,51,1,0,0,1,1,1,0,0,0,0,0,0,0
"Xaven",BRG Space Dragons,779993281,3910827,2431966,1478861,164,56,181,10,38,70,1,1,1,1,1,1,0,0,0,0,0,0,0
"Kujo",BRG Space Dragons,775581766,3475347,1951462,1523885,128,29,129,3,17,52,0,0,0,1,1,1,0,0,0,0,0,0,0
"Vanisaris",BRG Space Dragons,733897663,3424741,2083868,1340873,155,47,159,11,39,72,1,1,1,1,1,1,0,0,0,1,0,0,0
"incydancer",BRG Space Dragons,733142241,1926446,1118610,807836,138,18,79,1,14,40,0,0,0,1,1,1,0,0,0,0,0,0,0
"SireEby",BRG Space Dragons,727165894,4213178,2566919,1646259,155,66,172,12,69,102,1,0,0,1,1,0,0,0,0,0,0,0,0
"Ultraman",BRG Space Dragons,723285784,2756829,1704694,1052135,162,38,84,6,36,56,0,0,0,1,1,1,0,0,0,0,0,0,0
"Shalien Renfield",BRG Space Dragons,717273842,2709175,1573966,1135209,138,34,111,3,19,27,1,0,0,0,0,1,0,0,0,1,0,0,0
"Guihori",BRG Space Dragons,639674374,3044217,1922626,1121591,171,55,121,8,37,62,1,0,0,1,0,1,0,0,0,0,0,0,0
"E Rod",BRG Space Dragons,623687665,3957338,2351938,1605400,146,66,172,11,41,78,1,0,0,1,1,1,0,0,0,0,0,0,0
"kadakorn",BRG Space Dragons,598911372,4497041,2695691,1801350,149,64,179,8,48,94,1,1,1,1,1,1,0,0,0,0,0,0,1
"Djchocothunda",BRG Space Dragons,595978954,2547433,1532784,1014649,151,35,101,5,30,50,1,0,0,1,0,1,0,0,0,0,0,0,0
"Hego Damask",BRG Space Dragons,573371427,2332843,1409546,923297,152,34,97,4,17,32,1,0,0,0,0,1,0,0,0,0,0,0,0
"Manhofung",BRG Space Dragons,564738937,4996872,3008586,1988286,151,72,205,6,42,103,1,1,0,1,1,1,0,0,0,1,0,0,0
"SchweitzerBeast",BRG Space Dragons,549741913,3370235,1913471,1456764,131,36,144,4,21,44,1,1,1,1,1,1,0,0,0,1,0,0,0
"Rysi Kaal",BRG Space Dragons,539558867,2280990,1311519,969471,135,22,100,4,27,48,1,0,0,1,1,1,0,0,0,0,0,0,0
"Mol Slash",BRG Space Dragons,499445554,4271483,2581540,1689943,152,45,178,1,32,66,1,0,0,1,1,1,0,0,0,0,0,0,0
"Daze79",BRG Space Dragons,435891414,3764263,2136717,1627546,131,49,139,5,37,73,1,1,0,1,1,1,0,0,0,1,0,0,0
"Itsatrap",BRG Space Dragons,397492694,2104143,1401503,702640,199,23,88,2,10,39,1,1,0,1,1,1,0,0,0,0,0,0,0
"TwoRed",BRG Space Dragons,391958232,3991528,2377807,1613721,147,54,140,4,37,63,0,0,0,1,1,1,0,0,0,0,0,0,0
"Dark Yoga",BRG Space Dragons,372413721,3688889,2169937,1518952,142,55,143,6,50,79,0,0,0,1,1,1,0,0,0,0,0,0,0
"Bearsfan4life34",BRG Space Dragons,347549235,3865775,2279120,1586655,143,55,163,6,31,67,1,1,0,1,1,1,0,0,0,0,0,0,0
"Knighthawk",BRG Space Dragons,345771246,3126252,1878403,1247849,150,41,131,3,28,51,1,0,0,1,1,1,0,0,0,0,0,0,0
"Zalandas Gosular",BRG Space Dragons,328878472,3755322,2286640,1468682,155,48,145,3,54,67,0,0,0,0,0,1,0,0,0,0,0,0,0
"Hunted",BRG Space Dragons,326451561,1346318,849358,496960,170,11,39,1,9,15,0,0,0,1,0,1,0,0,0,0,0,0,0
"MarkSolo",BRG Space Dragons,323363645,3433512,2022745,1410767,143,43,122,8,31,59,0,0,0,1,1,1,0,0,0,0,0,0,0
"QuiGonLynx",BRG Space Dragons,283452694,3293081,1999728,1293353,154,47,140,7,25,54,1,1,0,1,0,1,0,0,0,0,0,0,0
"enderbro25",BRG Tattooine Tumbleweed,988776375,1041415,645031,396384,162,6,8,0,5,7,0,0,0,0,0,0,0,0,0,0,0,0,0
"AtikDaDude",BRG Tattooine Tumbleweed,987744191,338465,238349,100116,238,0,1,0,0,0,0,0,0,0,0,0,0,0,0,0,0,0,0
"UltraPixel",BRG Tattooine Tumbleweed,967666935,1436427,861408,575019,149,11,52,3,7,19,1,0,0,1,1,1,0,0,0,0,0,0,0
"Ang Skywalker4",BRG Tattooine Tumbleweed,963562998,3066162,1732025,1334137,129,29,106,8,29,48,0,0,0,0,0,1,0,0,0,0,0,0,0
"Kitsune",BRG Tattooine Tumbleweed,961728231,534731,364312,170419,213,2,10,0,0,4,0,0,0,0,0,0,0,0,0,0,0,0,0
"Retro Galactic Cat",BRG Tattooine Tumbleweed,938568422,2916967,1655449,1261518,131,29,112,3,10,23,1,0,0,0,1,1,0,0,0,0,0,0,0
"Lite",BRG Tattooine Tumbleweed,892379389,524142,300794,223348,134,0,9,0,0,2,0,0,0,0,0,0,0,0,0,0,0,0,0
"fmp",BRG Tattooine Tumbleweed,872249236,866601,516643,349958,147,4,10,0,0,1,0,0,0,0,0,0,0,0,0,0,0,0,0
"Luis Yavok",BRG Tattooine Tumbleweed,865879322,1683684,916530,767154,119,17,49,0,2,4,0,0,0,0,0,0,0,0,0,0,0,0,0
"Reaper",BRG Tattooine Tumbleweed,863649978,1096708,720968,375740,191,6,15,0,1,10,0,0,0,0,0,0,0,0,0,0,0,0,0
"DarthRevan2",BRG Tattooine Tumbleweed,857194959,1266915,810290,456625,177,4,51,0,0,18,0,0,0,1,1,1,0,0,0,0,0,0,0
"The Iron Kashyyyk",BRG Tattooine Tumbleweed,815747596,550052,343794,206258,166,0,18,0,0,4,0,0,0,0,0,0,0,0,0,0,0,0,0
"JediHutch61 alt",BRG Tattooine Tumbleweed,766733666,1838524,1068475,770049,138,15,69,0,16,22,0,0,0,0,0,0,0,0,0,0,0,0,0
"Bane532",BRG Tattooine Tumbleweed,755419552,1144352,679351,465001,146,4,11,0,1,8,0,0,0,0,0,0,0,0,0,0,0,0,0
"Marshall Erikson",BRG Tattooine Tumbleweed,727784488,358276,237159,121117,195,0,8,0,0,0,0,0,0,0,0,0,0,0,0,0,0,0,0
"Trinh",BRG Tattooine Tumbleweed,721355676,1302260,760177,542083,140,5,20,0,3,17,0,0,0,0,0,1,0,0,0,0,0,0,0
"DylanjediR",BRG Tattooine Tumbleweed,665472738,1071847,746757,325090,229,0,3,0,0,1,0,0,0,0,0,0,0,0,0,0,0,0,0
"GRamey",BRG Tattooine Tumbleweed,653456783,1357314,790437,566877,139,7,50,0,3,17,1,0,0,0,0,1,0,0,0,0,0,0,0
"Adam",BRG Tattooine Tumbleweed,648241819,668145,399233,268912,148,1,9,0,1,2,0,0,0,0,0,0,0,0,0,0,0,0,0
"OrchDork2011",BRG Tattooine Tumbleweed,638984837,1121143,719912,401231,179,7,32,0,2,14,0,0,0,0,1,1,0,0,0,0,0,0,0
"RobYBFHS JediMaster77",BRG Tattooine Tumbleweed,587751266,1600208,931635,668573,139,8,29,0,2,8,0,0,0,0,1,1,0,0,0,0,0,0,0
"Reemfr3sh",BRG Tattooine Tumbleweed,547478552,343806,216279,127527,169,0,3,0,0,0,0,0,0,0,0,0,0,0,0,0,0,0,0
"Schmidty",BRG Tattooine Tumbleweed,539249792,735550,408865,326685,125,1,13,0,1,6,0,0,0,0,0,0,0,0,0,0,0,0,0
"Beenio",BRG Tattooine Tumbleweed,527181759,229083,128188,100895,127,0,3,0,0,0,0,0,0,0,0,0,0,0,0,0,0,0,0
"Clarence de lunea",BRG Tattooine Tumbleweed,523262774,1518820,1039174,479646,216,4,44,5,7,19,1,0,0,0,1,1,0,0,0,0,0,0,0
"Ezzel",BRG Tattooine Tumbleweed,492864784,1770220,1107041,663179,166,2,62,0,1,9,0,0,0,0,0,0,0,0,0,0,0,0,0
"Kilum Natta",BRG Tattooine Tumbleweed,488114977,1099319,617454,481865,128,11,19,1,3,11,0,0,0,0,0,1,0,0,0,0,0,0,0
"Grandola Paca",BRG Tattooine Tumbleweed,482664532,2023711,1316749,706962,186,33,73,1,17,38,1,1,0,1,0,1,0,0,0,0,0,0,0
"Stewy",BRG Tattooine Tumbleweed,477828219,294548,176939,117609,150,0,10,0,0,0,0,0,0,0,0,0,0,0,0,0,0,0,0
"Parkway Drive",BRG Tattooine Tumbleweed,476588579,490649,308924,181725,169,0,11,0,1,4,0,0,0,1,0,0,0,0,0,0,0,0,0
"Chewy",BRG Tattooine Tumbleweed,473584558,1763717,1151175,612542,187,4,48,0,7,23,0,0,0,0,0,0,0,0,0,0,0,0,0
"Ashron",BRG Tattooine Tumbleweed,393977221,1049002,705769,343233,205,6,17,0,3,7,0,0,0,0,0,0,0,0,0,0,0,0,0
"Sandcrawler",BRG Tattooine Tumbleweed,372989374,729885,435026,294859,147,3,30,0,0,8,0,0,0,0,0,0,0,0,0,0,0,0,0
"skitzo234",BRG Tattooine Tumbleweed,361892182,273210,211991,61219,346,0,5,0,0,0,0,0,0,0,0,0,0,0,0,0,0,0,0
"Mol Eliza",BRG Tattooine Tumbleweed,326718135,1038400,629745,408655,154,5,33,0,1,7,0,0,0,1,1,1,0,0,0,0,0,0,0
"Bane531",BRG Tattooine Tumbleweed,326442512,2070459,1283230,787229,163,17,73,1,10,27,0,0,0,1,1,1,0,0,0,0,0,0,0
"Doom Destro",BRG Tattooine Tumbleweed,324789716,376115,242075,134040,180,0,1,0,0,0,0,0,0,0,0,0,0,0,0,0,0,0,0
"JakeT80",BRG Tattooine Tumbleweed,293285277,1368498,848148,520350,162,4,31,0,2,12,0,0,0,0,0,1,0,0,0,0,0,0,0
"BoabyFett",BRG Tattooine Tumbleweed,291311856,1979779,1178146,801633,146,14,104,0,8,30,1,0,0,1,1,1,0,0,0,0,0,0,0
"Jsmith",BRG Tattooine Tumbleweed,289965667,418510,312451,106059,294,0,11,0,0,6,0,0,0,0,0,0,0,0,0,0,0,0,0
"DeWangLong",BRG Tattooine Tumbleweed,267327787,171866,115351,56515,204,0,1,0,0,0,0,0,0,0,0,0,0,0,0,0,0,0,0
"TTVEarthquakes",BRG Tattooine Tumbleweed,243425684,203260,132867,70393,188,0,3,0,0,0,0,0,0,0,0,0,0,0,0,0,0,0,0
"Raspy",BRG Tattooine Tumbleweed,227787725,258497,177281,81216,218,0,0,0,0,0,0,0,0,0,0,0,0,0,0,0,0,0,0
"Bigbossbyu",BRG Tattooine Tumbleweed,189149222,1715533,1034888,680645,152,8,19,0,6,15,0,0,0,1,1,1,0,0,0,0,0,0,0
"Paksenarrion",BRG Tattooine Tumbleweed,166374174,638833,399504,239329,166,2,9,0,2,8,0,0,0,0,0,0,0,0,0,0,0,0,0
"URoRRuR'R'R",BRG Tattooine Tumbleweed,134894956,1851271,1068433,782838,136,21,73,5,10,27,0,0,0,1,1,1,0,0,0,0,0,0,0
"DarklawTest",BRG Tattooine Tumbleweed,133649393,565279,336328,228951,146,1,6,0,0,1,0,0,0,0,0,1,0,0,0,0,0,0,0
"Scoville",BRG Tattooine Tumbleweed,132392997,3940970,2417611,1523359,158,60,177,1,65,101,0,0,0,1,1,0,0,0,0,0,0,0,0
"ExoDontas",BRG Tattooine Tumbleweed,128393885,166806,98947,67859,145,0,1,0,0,0,0,0,0,0,0,0,0,0,0,0,0,0,0
"DarthAzathoth",BRG Tattooine Tumbleweed,115961515,3090089,1749864,1340225,130,30,137,2,8,20,1,0,0,1,1,1,0,0,0,0,0,0,0
"seb t",BRG The Wampa Den,985614888,3154899,2051043,1103856,185,50,146,9,50,80,0,1,0,1,1,1,0,0,0,0,0,0,0
"Poison Destiny",BRG The Wampa Den,979782867,2919470,1739914,1179556,147,44,126,7,41,57,1,0,0,1,1,1,0,0,0,1,0,0,0
"TheSlayer91",BRG The Wampa Den,978664557,2325798,1358612,967186,140,24,87,4,23,48,0,0,0,1,1,1,0,0,0,0,0,0,0
"Dori Solman",BRG The Wampa Den,974821361,4685918,2914829,1771089,164,79,170,19,40,99,1,1,1,1,1,1,0,0,0,0,0,0,0
"Hyperion Vex",BRG The Wampa Den,966839936,3932286,2267864,1664422,136,43,159,4,46,66,1,1,0,1,1,1,0,0,0,1,0,0,1
"EmpKain",BRG The Wampa Den,963536215,4357076,2602828,1754248,148,55,184,7,51,98,1,1,1,1,1,1,0,0,0,1,0,0,1
"Ockalmighty",BRG The Wampa Den,945643169,3479429,2106826,1372603,153,59,136,6,24,60,1,0,0,1,1,1,0,0,0,0,0,0,0
"BarJudah",BRG The Wampa Den,941577746,3528007,2105837,1422170,148,48,167,7,32,61,1,1,1,1,1,1,0,0,0,1,0,0,0
"Justwar",BRG The Wampa Den,935935211,2908248,1835224,1073024,171,37,142,5,25,60,1,1,0,1,1,1,0,0,0,1,0,0,0
"SHAKESPEARE1564",BRG The Wampa Den,883388282,3983572,2497848,1485724,168,59,169,7,30,84,1,1,0,1,1,1,0,0,0,0,0,0,0
"Nano",BRG The Wampa Den,858259842,3475210,2002952,1472258,136,60,145,8,48,75,1,1,1,1,1,0,0,0,0,0,0,1,1
"Blaster08",BRG The Wampa Den,855782277,3496177,2108111,1388066,151,46,171,9,41,69,1,1,0,1,1,0,0,0,0,0,0,0,1
"LongTaco15",BRG The Wampa Den,837681387,4213447,2581127,1632320,158,80,189,8,76,103,1,1,0,1,1,1,0,0,0,1,0,0,0
"Jherek5150",BRG The Wampa Den,812739573,3144356,1857032,1287324,144,43,147,8,42,58,1,0,0,1,1,1,0,0,0,0,0,0,0
"Melto",BRG The Wampa Den,791921322,2791041,1726761,1064280,162,41,119,10,20,50,1,0,0,1,1,1,0,0,0,0,0,0,0
"JaYwEsT",BRG The Wampa Den,748986972,3633000,2143860,1489140,143,49,174,6,53,74,1,0,0,1,1,1,0,0,0,0,0,0,0
"Tenzin",BRG The Wampa Den,736547728,3491763,1925606,1566157,122,46,164,9,34,62,1,0,0,1,1,1,0,0,0,1,0,0,0
"Baryton",BRG The Wampa Den,735578438,4775578,2785212,1990366,139,77,165,9,51,92,1,0,0,1,1,1,0,0,0,0,0,0,1
"Galatea Johnson II",BRG The Wampa Den,719484896,3551011,2101081,1449930,144,46,147,5,35,53,1,1,0,0,1,1,0,0,0,1,0,0,0
"KrovvyTheRed",BRG The Wampa Den,681852826,3680957,2174487,1506470,144,63,160,10,57,81,1,1,1,1,1,1,0,0,0,0,0,0,0
"Wooteeki",BRG The Wampa Den,664573542,3137852,1782906,1354946,131,47,139,3,33,59,0,0,0,1,1,1,0,0,0,1,0,0,0
"AmazingRando",BRG The Wampa Den,655592634,4048968,2589285,1459683,177,66,181,11,91,109,1,1,1,1,1,1,0,0,0,0,0,0,0
"Bev el Agua",BRG The Wampa Den,614383692,4308946,2526088,1782858,141,61,184,12,50,83,1,1,1,1,1,1,0,0,0,1,0,0,1
"Dr Valance",BRG The Wampa Den,593191363,3555403,2204643,1350760,163,42,165,10,32,68,1,1,1,1,1,1,0,0,0,0,0,0,0
"Mijaelha",BRG The Wampa Den,574732524,2598129,1752173,845956,207,39,115,14,48,69,1,1,1,1,1,1,0,0,0,0,0,0,1
"Odog916",BRG The Wampa Den,568143631,3447727,2129754,1317973,161,51,162,8,23,56,1,1,1,1,0,1,0,0,0,1,0,0,0
"Mugami Exzeiss",BRG The Wampa Den,565519866,3425758,2023208,1402550,144,50,160,7,42,66,1,1,0,1,1,1,0,0,0,1,0,0,0
"KelMi",BRG The Wampa Den,549815984,3964115,2324755,1639360,141,42,145,9,36,79,0,0,0,1,1,1,0,0,0,0,0,0,0
"Valldi",BRG The Wampa Den,541281159,3327715,2120725,1206990,175,55,141,6,42,79,1,1,1,1,1,1,0,0,0,0,0,0,0
"Vaulkin",BRG The Wampa Den,538879583,3847220,2290226,1556994,147,53,158,4,29,74,1,1,1,1,1,1,0,0,0,1,0,0,0
"Kickaha",BRG The Wampa Den,528768739,3252682,1866165,1386517,134,52,134,7,35,56,0,0,0,1,1,1,0,0,0,1,0,0,0
"CaptainClown",BRG The Wampa Den,524986595,4251663,2590692,1660971,155,69,180,7,48,100,1,1,0,1,1,1,1,0,0,1,0,0,0
"SnappyMinotaur",BRG The Wampa Den,417453459,4336305,2457820,1878485,130,52,176,4,45,62,1,1,0,1,0,1,0,0,0,1,0,0,0
"FeathaMunkay",BRG The Wampa Den,414232583,4383335,2467962,1915373,128,62,208,9,56,79,1,1,0,1,1,1,1,0,0,1,0,1,1
"chiliin",BRG The Wampa Den,396589733,2946705,1782503,1164202,153,39,149,5,50,56,1,1,1,1,1,1,0,0,0,0,0,0,1
"Itachi Uchiha Ally",BRG The Wampa Den,368566945,3708963,2100105,1608858,130,55,170,8,50,68,1,1,1,1,1,1,0,0,0,1,0,0,1
"Alysha Doneeta",BRG The Wampa Den,363321771,3387838,1927543,1460295,131,56,150,4,39,73,1,1,1,1,1,1,0,0,0,1,0,0,1
"Cysto",BRG The Wampa Den,358887494,3569479,2094280,1475199,141,60,145,10,37,76,1,1,1,1,1,1,0,0,0,1,0,0,0
"Havoc22",BRG The Wampa Den,349836582,3760706,2350622,1410084,166,63,156,9,49,79,1,1,1,1,0,1,0,0,0,0,0,0,0
"Darksider",BRG The Wampa Den,346685645,4319405,2527612,1791793,141,69,187,5,32,78,1,1,0,1,1,1,0,0,0,1,0,0,1
"Uthar Ridian",BRG The Wampa Den,337583471,3244862,1735312,1509550,114,43,138,6,23,43,0,0,0,1,1,1,0,0,0,1,0,0,1
"Szero99",BRG The Wampa Den,287595833,3275337,1950437,1324900,147,49,123,8,41,62,0,0,0,1,1,1,0,0,0,1,0,0,0
"beatis",BRG The Wampa Den,245435316,3616856,2160309,1456547,148,41,162,2,29,60,0,0,0,1,0,1,0,0,0,1,0,0,0
"Nitsuj",BRG The Wampa Den,229914247,4763455,2851826,1911629,149,58,200,1,52,103,1,1,0,1,1,1,0,0,0,1,0,0,0
"XxWiCkEdSwEeTxX",BRG The Wampa Den,164433667,3099618,1968993,1130625,174,45,160,4,26,52,1,1,0,1,0,1,0,0,0,0,0,0,0
"Ayrbud",BRG The Wampa Den,127417214,3670795,2192223,1478572,148,68,145,7,24,61,1,1,0,1,1,1,0,0,0,0,0,0,0
"Jakendo",BRG Wayward Knights,175558234,3543261,2180448,1362813,159,57,145,7,46,74,1,1,1,1,1,1,0,0,0,1,0,0,0
"SAVIOR",BRG Wayward Knights,166274764,3907267,2420854,1486413,162,59,126,12,40,70,1,0,0,1,1,1,0,0,0,0,0,0,0
"Lazarian Lasombra",BRG Wayward Knights,153343951,3963275,2411639,1551636,155,64,158,16,45,78,1,1,1,1,1,1,0,0,0,0,1,0,0
"SteeveO",BRG Wayward Knights,141166982,3632072,2219209,1412863,157,45,161,10,41,65,1,1,0,1,1,1,0,0,0,0,0,0,0
"Envor Dire",BRG Wayward Knights,129536478,3556339,2125253,1431086,148,39,159,10,16,44,1,1,0,1,1,1,0,0,0,0,0,0,0
"TheJadeBuddha",BRG Wayward Knights,988863948,4190318,2421069,1769249,136,66,151,17,36,77,1,0,0,1,1,1,1,0,0,1,0,0,1
"Grimm",BRG Wayward Knights,969379634,3093657,1804999,1288658,140,48,131,7,40,59,1,1,0,1,1,1,0,0,0,1,0,0,0
"DarthKonan",BRG Wayward Knights,968292886,4343112,2716081,1627031,166,60,191,9,46,90,1,1,0,1,1,1,0,0,0,1,0,0,0
"Pet Jam Rie",BRG Wayward Knights,959181685,5299079,3136124,2162955,144,94,216,14,65,121,1,1,1,1,1,1,0,0,0,1,0,1,1
"Fate",BRG Wayward Knights,958523349,4068317,2535340,1532977,165,67,160,17,43,93,1,1,1,1,1,1,0,0,0,0,0,0,1
"Dmon Cypher",BRG Wayward Knights,956784393,4077991,2340564,1737427,134,52,182,2,52,76,1,1,0,1,1,1,0,0,0,1,0,0,0
"jay man 84",BRG Wayward Knights,945649874,4841071,2906995,1934076,150,81,203,10,48,103,1,1,1,1,1,1,0,0,0,1,0,0,1
"ArmyZero",BRG Wayward Knights,944688181,3936365,2458426,1477939,166,73,169,12,51,91,1,0,0,1,1,1,0,0,0,0,0,0,0
"Baniss Durron",BRG Wayward Knights,937454692,3571905,2059453,1512452,136,47,160,1,42,65,1,1,0,1,1,1,0,0,0,1,0,0,0
"R2D2",BRG Wayward Knights,889324759,4936184,2930390,2005794,146,80,210,9,44,103,1,1,1,1,1,1,0,0,0,0,1,1,1
"Bobba Fetters",BRG Wayward Knights,884559799,4461016,2660944,1800072,147,48,168,27,65,112,1,1,1,1,1,1,1,0,0,1,0,0,0
"Skywalker25",BRG Wayward Knights,867428724,4135379,2500817,1634562,152,56,153,12,38,81,1,1,1,1,1,1,0,0,0,0,1,0,0
"theatomicpun",BRG Wayward Knights,861877851,4623308,2735737,1887571,144,72,211,14,63,104,1,1,1,1,1,1,1,0,0,1,0,1,1
"Arcann",BRG Wayward Knights,848853664,3916428,2309844,1606584,143,61,165,12,44,87,1,1,1,1,1,1,0,0,0,0,1,0,0
"Texte239",BRG Wayward Knights,847319871,3498697,2114603,1384094,152,62,161,7,45,55,1,1,0,0,0,1,0,0,0,1,0,0,0
"Wampa",BRG Wayward Knights,823654524,4926147,2959625,1966522,150,68,188,13,65,101,1,1,1,1,1,1,0,0,0,1,0,1,1
"ChewTobacca",BRG Wayward Knights,822841512,3949389,2406815,1542574,156,68,173,4,49,90,1,1,0,1,1,1,0,0,0,1,0,0,0
"Bl4ckZeus",BRG Wayward Knights,789769727,3496032,2186359,1309673,166,53,159,6,63,81,1,1,1,1,1,1,0,0,0,1,0,0,0
"bruskie07",BRG Wayward Knights,767758598,3212032,1874275,1337757,140,34,147,5,18,45,1,1,0,1,1,1,0,0,0,1,0,0,0
"Waivren",BRG Wayward Knights,765633723,4553741,2721646,1832095,148,52,186,6,24,87,1,0,0,1,0,1,0,0,0,1,0,0,0
"Bubbletrouzers",BRG Wayward Knights,759646181,3740012,2230812,1509200,147,43,146,21,48,73,1,1,1,1,1,1,0,0,0,0,1,0,0
"Trig",BRG Wayward Knights,732134136,3237468,2114059,1123409,188,52,140,15,45,80,1,1,0,1,0,1,1,0,0,1,0,0,0
"Dawnrazor",BRG Wayward Knights,726882483,4724456,2816152,1908304,147,74,198,23,70,105,1,1,1,1,1,1,1,0,0,1,0,1,1
"Zalandas Gosular",BRG Wayward Knights,723993827,3797951,2261006,1536945,147,68,149,16,56,88,1,1,1,1,1,1,1,0,0,1,0,0,0
"Mol  Mannaro",BRG Wayward Knights,683974651,4794767,2765113,2029654,136,57,194,18,52,92,1,1,1,1,1,1,1,0,0,1,0,1,1
"Grudgeling",BRG Wayward Knights,653691688,6108855,3767630,2341225,160,73,228,96,169,175,1,1,1,1,1,1,1,1,0,0,1,1,1
"Nav Sirhc",BRG Wayward Knights,652773136,4693955,2955514,1738441,170,70,183,31,81,122,1,1,1,1,1,1,0,0,0,1,0,0,0
"pacheo2325",BRG Wayward Knights,642395769,4321132,2609076,1712056,152,66,179,24,57,86,1,1,1,1,1,1,1,0,0,1,0,0,0
"Terra",BRG Wayward Knights,625761728,4653743,2811896,1841847,152,66,208,8,49,77,1,1,0,1,1,1,0,0,0,1,0,0,1
"Robi19898",BRG Wayward Knights,614428897,4186153,2606625,1579528,165,74,187,17,58,97,1,1,1,1,1,1,1,0,0,0,0,0,1
"Morningstar",BRG Wayward Knights,579518733,4229650,2449458,1780192,137,71,167,19,63,92,1,1,1,1,1,1,1,0,0,1,0,0,1
"Mo Yin",BRG Wayward Knights,524533215,4527098,2688373,1838725,146,83,179,8,64,98,1,1,1,1,1,1,0,0,0,1,0,0,1
"Mo Jito",BRG Wayward Knights,498187325,4487208,2697940,1789268,150,76,188,17,63,101,1,1,1,1,1,1,0,0,0,1,0,0,1
"JackHammer",BRG Wayward Knights,445419157,4642177,2744600,1897577,144,81,187,13,59,96,1,1,1,1,1,1,0,0,0,1,0,0,1
"Vegie",BRG Wayward Knights,412128111,3781515,2225084,1556431,142,68,153,8,59,83,1,1,0,1,1,1,0,0,0,1,0,0,0
"Clayts",BRG Wayward Knights,393881573,4660950,2860347,1800603,158,79,200,8,46,96,1,1,1,1,1,1,0,0,0,1,0,0,0
"Zed",BRG Wayward Knights,377657775,2753473,1744169,1009304,172,54,144,7,44,50,0,1,0,1,0,1,0,0,0,0,0,0,0
"Mol Jen",BRG Wayward Knights,327549198,4053813,2341769,1712044,136,63,165,13,45,91,1,1,1,1,1,1,0,0,0,1,0,0,1
"Sia Granta",BRG Wayward Knights,298981539,3751603,2151353,1600250,134,47,163,13,32,54,1,0,0,1,1,1,1,0,0,1,0,0,0
"Flagged",BRG Wayward Knights,263771845,4672033,2824548,1847485,152,91,197,16,72,123,1,1,1,1,1,1,0,0,0,1,0,0,1
"Qin Phfal",BRG Wayward Knights,237375819,4740675,2835800,1904875,148,55,195,12,55,81,1,1,1,1,1,1,0,0,0,1,0,0,1
"Borak",BRG Wayward Knights,234113554,4801166,2823221,1977945,142,75,218,15,53,94,1,1,1,1,1,1,1,0,0,1,0,1,1
"JRobertson12",BRG Wayward Knights,221913824,2375920,1454203,921717,157,45,85,8,25,58,1,1,0,1,1,0,0,0,0,1,0,0,0
"Chrbro",BRG Wayward Knights,197766336,4254535,2489495,1765040,141,75,179,8,61,98,1,1,1,1,1,1,0,0,0,1,0,0,0
"Merril",BRG Wayward Knights,187745332,3679451,2211483,1467968,150,53,160,8,42,70,0,0,0,1,1,0,0,0,0,1,0,0,0
