Name,Ally Code,GP,Chars GP,Ships GP,Character:Ships,Light side or Dark Side,DSR Bot style mod score -- higher is better, aim for 3.0.  This is # of mods with secondary speed ≥ 15 / character gp / 100 000,DSR Bot style gear score -- higher is better.  Number of (>G12 + G13 + relic / 5) / total gp / 100 000.,Zetas,Relic Levels,7*,R5 and higher,G13 and higher,G12 and higher,G10 and higher,Jedi Knight Revan,Darth Revan,Malak,Padme,Genosian Brood Alpha,Wat Tambor,Ki-Adi-Mundi,Shaak Ti,General Skywalker,Rey,Supreme Leader Kylo Ren,Sith Eternal Emperor,Jedi Master Luke Skywalker,Jedi Knight Luke,The Negotiator,Malevolence,Raddus,Finalizer,TW/GA Squads - farmed but may need gear.  Click player name to view.,Squads: defense or both,Squads: offense or both
"Ransolm Casterfo",571728168,4947419,2875845,2071574,138,185,243,164,94,97,177,16,17,45,96,1,0,0,1,1,1,0,1,0,1,0,0,0,0,1,0,1,0,16,10,10
"JediBreakout",543934581,4555162,2618766,1936396,135,-451,213,301,67,201,168,26,39,58,76,1,1,1,1,1,1,0,1,0,0,1,1,0,0,1,0,1,1,13,7,8
"Abe the Oddball",472176875,6209043,3483239,2725804,127,65,378,414,113,378,223,55,74,108,118,1,1,1,1,1,1,0,1,1,1,1,0,1,1,1,1,1,1,19,11,9
"VirginAlarm",736712549,3650611,2152782,1497829,143,193,143,258,36,152,152,25,27,37,58,1,0,0,1,1,0,0,1,0,0,0,0,0,1,0,1,0,0,12,6,4
"Salznuss",912617969,3165875,1819458,1346417,135,410,175,197,27,77,136,10,18,29,49,1,0,0,1,1,1,0,1,0,0,0,0,0,0,1,0,1,0,8,5,4
"Rypien",568925861,4701361,2714514,1986847,136,-173,257,345,89,206,170,19,45,76,101,1,1,1,1,1,0,0,1,1,0,0,0,0,0,1,0,0,0,16,11,8
"Dubi Nuz",245769968,4696644,2820300,1876344,150,-127,184,199,82,134,188,13,28,39,69,1,1,1,1,1,1,0,1,0,0,0,0,0,0,0,1,0,0,18,10,11
"Q2cold",566548746,2851140,1769211,1081929,163,-611,90,229,32,62,109,4,20,33,49,1,1,1,1,1,1,0,1,0,0,0,0,0,0,0,1,0,0,7,5,3
"Tantema Garnik",198649424,3636453,2188084,1448369,151,-402,507,467,53,275,106,40,53,62,74,1,1,1,1,0,1,0,0,0,0,1,1,0,0,1,0,0,1,9,6,5
"Brightframe",686711653,5002636,3019578,1983058,152,299,92,235,78,163,205,22,35,50,82,1,1,1,1,1,1,0,1,0,1,0,0,1,1,0,0,1,0,17,9,9
"Ghost513",219972855,3445343,1912751,1532592,124,-205,162,249,38,125,124,16,25,36,53,1,0,0,1,1,1,0,1,0,0,0,1,0,0,1,0,0,0,9,6,5
"thecleps",734748422,2994049,1859786,1134263,163,-391,263,308,59,102,98,16,21,51,63,1,1,1,1,1,1,0,0,0,0,0,0,0,0,1,0,0,0,9,7,4
"The Next Reclaimer",774998361,4893671,2745260,2148411,127,159,236,267,77,165,189,21,33,65,86,1,0,0,1,1,1,0,1,1,1,0,0,0,0,0,1,1,1,12,8,6
"Krepler",963262333,4246597,2373819,1872778,126,-322,84,165,71,91,160,13,18,34,60,0,0,0,1,1,1,0,1,0,0,1,0,0,0,0,1,0,1,9,6,4
"Damrok Sliersgloom",912939125,6173717,3518799,2654918,132,5,127,302,112,240,226,27,48,91,117,1,1,1,1,1,1,0,1,1,0,0,0,0,1,1,1,1,1,19,12,7
"Regn",568562377,3668082,2140200,1527882,140,209,513,278,66,111,153,9,29,51,77,1,1,1,1,1,1,0,1,1,0,0,0,0,1,1,0,0,0,15,10,6
"Davram Bashere",195583113,5310106,3121301,2188805,142,392,429,362,104,293,192,37,59,75,104,1,1,1,1,1,1,0,1,1,1,0,0,1,1,1,1,1,0,18,12,8
"carovnicek",979789966,4916242,2638164,2278078,115,41,333,252,83,156,191,26,32,61,96,1,1,1,1,1,1,0,1,0,0,0,0,0,0,1,1,1,1,18,10,6
"Sarfa Jons",477351389,4726875,2771161,1955714,141,-75,368,485,61,358,166,51,68,90,102,1,1,1,1,1,1,0,1,1,1,1,0,0,0,1,1,1,1,14,11,8
"KingSlayer54",386768436,3868416,2169073,1699343,127,-239,318,243,52,126,137,15,28,41,62,1,0,0,1,1,1,0,1,0,0,0,1,0,0,1,1,0,0,10,7,4
"raider101",973427999,4813771,2711599,2102172,128,-203,210,305,48,201,211,29,30,77,99,1,1,1,1,1,1,0,1,0,0,0,0,0,0,1,0,0,1,16,8,8
"MikeNice",952134197,3781649,2245543,1536106,146,-290,236,332,69,179,129,19,40,50,78,0,1,0,1,1,1,0,1,1,0,0,1,0,0,1,1,0,0,14,8,6
"Matt SithTits",723314881,5854948,3361226,2493722,134,8,217,269,98,159,211,15,46,80,133,1,1,1,1,1,1,0,1,1,0,0,0,0,0,1,1,0,1,22,13,11
"T H E   D A R K S I D E R",788465774,4450048,2552421,1897627,134,-248,309,228,81,154,146,21,27,44,76,1,1,0,1,1,1,0,1,0,0,0,0,0,0,0,1,0,0,11,7,6
"Quagmire",975276668,4129644,2503692,1625952,153,-303,251,423,52,289,135,40,51,66,85,1,1,1,1,1,1,0,1,1,0,0,1,0,0,1,1,0,1,10,5,4
"ZeroKiryu",998362924,4718094,2728362,1989732,137,-151,164,244,65,171,150,19,36,45,88,1,1,1,1,1,1,0,1,0,0,1,0,0,0,1,0,0,1,13,8,8
"Niiiiiiiice",944359395,2936689,1673542,1263147,132,50,561,239,39,92,96,11,19,33,51,1,0,0,1,1,1,0,1,1,0,0,0,0,0,1,1,0,0,7,6,3
"Carlo Carrillion",283172368,3086962,1771399,1315563,134,-233,220,253,39,86,109,14,16,45,65,1,1,0,1,1,1,0,1,0,0,0,0,0,0,1,0,0,0,10,7,6
"finnz",732713199,4801546,2722079,2079467,130,-199,113,329,66,206,177,22,44,73,105,1,1,1,1,1,1,0,1,1,0,1,0,0,0,1,0,0,1,16,10,7
"Corky",839999113,5382081,3202439,2179642,146,-151,309,289,111,188,185,27,37,81,125,1,1,1,1,1,1,0,1,1,0,1,0,0,0,1,0,0,1,18,11,11
"Sellie101",913713173,3161655,1845739,1315916,140,-456,162,206,42,101,105,14,20,25,46,1,1,1,1,1,1,0,1,0,0,1,0,0,0,1,0,0,1,8,7,5
"Phantom",982834476,3343041,1827185,1515856,120,-39,328,173,37,65,119,9,13,32,58,0,0,0,1,1,1,0,1,1,0,0,0,0,0,1,0,0,0,12,8,6
"Disturbance in the force",784729181,5946777,3543900,2402877,147,-111,180,292,108,196,208,24,40,95,141,1,1,1,1,1,1,0,1,1,0,0,0,0,0,1,0,0,1,20,13,10
"StarLord",918718746,5375086,2917298,2457788,118,152,78,181,82,133,180,19,19,52,77,1,1,1,1,0,1,0,1,0,0,0,0,0,0,1,1,1,1,11,5,5
"Hersh Bathens",876417788,4373497,2644393,1729104,152,282,234,410,53,253,165,33,50,79,95,1,0,0,1,1,0,0,1,0,0,0,0,1,1,0,0,0,0,12,5,4
"Sirael Kira",141463835,3798496,2164247,1634249,132,31,207,167,62,53,160,1,15,38,53,1,1,0,1,1,0,0,1,0,0,0,0,0,0,0,0,0,0,11,9,7
"Hotsauce",695177853,5381265,3091314,2289951,134,106,174,201,84,122,200,13,28,56,127,1,1,1,1,1,1,0,1,0,1,0,0,0,0,0,0,1,0,14,8,8
"Ganner",568711222,3370336,1980425,1389911,142,-279,212,224,59,114,138,17,21,32,59,1,1,0,1,1,1,0,1,0,0,1,0,0,0,0,0,0,1,10,6,7
"Thiya",569752558,2587678,1423071,1164607,122,191,133,166,22,56,107,7,13,19,35,1,0,0,1,1,1,0,1,0,0,0,0,0,0,1,0,0,0,6,5,4
"paindemonium",283246189,5519185,3398043,2121142,160,-2,200,285,118,143,199,11,33,96,126,1,1,1,1,1,1,0,1,1,0,0,0,0,0,0,0,0,1,20,11,10
"Regal Misfit",264452656,4514389,2780124,1734265,160,0,61,316,58,154,184,9,44,68,90,1,1,1,1,1,1,0,1,1,0,0,0,0,0,1,0,0,0,13,11,6
"Ben konobi",687752375,5873102,3537706,2335396,151,30,138,218,113,132,211,12,29,73,124,1,1,1,1,1,1,0,1,0,0,0,0,0,1,1,0,0,1,19,10,7
"Haywood Jablomi",577387331,3653959,2108414,1545545,136,-71,132,200,42,86,131,11,19,37,73,0,0,0,1,1,1,0,1,0,0,0,0,0,0,1,0,0,0,11,7,5
"Danyo",466124939,5909854,3487449,2422405,143,108,126,313,74,231,219,28,49,90,128,1,1,1,1,1,1,0,1,1,1,0,0,0,0,1,0,1,1,21,10,12
"Jarjarbinks",622325818,3008593,1808562,1200031,150,-125,154,149,30,55,125,8,11,23,44,1,0,0,1,1,1,0,0,0,0,0,0,0,0,1,0,0,0,7,6,4
"Yodaspeak",351541457,8201908,4957606,3244302,152,29,286,641,120,897,247,133,156,191,197,1,1,1,1,1,1,0,1,1,1,1,1,1,1,1,0,1,1,21,11,10
"Tylord",483827882,2846151,1547092,1299059,119,343,290,191,38,58,111,4,15,28,49,1,0,0,1,1,1,0,1,0,0,0,0,0,0,1,0,0,0,10,6,5
"BlackThorne",172552789,4653477,2545215,2108262,120,-265,282,238,81,136,165,19,29,55,93,1,1,1,1,1,1,0,1,1,0,1,0,0,0,1,1,0,1,15,9,7
"4Lom",326561697,6598654,3875460,2723194,142,32,314,361,114,297,229,34,60,119,166,1,1,1,1,1,1,0,1,1,1,0,0,0,0,1,0,1,1,22,13,11
"SethCooley",181215656,3341750,1907496,1434254,132,-212,73,236,41,110,117,14,19,38,48,1,1,1,1,1,1,0,1,0,0,0,0,0,0,1,0,0,0,10,6,4
